time, sound
0, -0.666667
1, 2.86364
2, 2.06818
3, -2.36364
4, 0.818182
5, -2.5
6, 3.93182
7, -2.11364
8, -2.15909
9, 0.704545
10, 3.95556
11, 0.613636
12, -4.75
13, 0.431818
14, 1.13636
15, -0.590909
16, -0.318182
17, -2.56818
18, 0.954545
19, 3.59091
20, 1.57778
21, 2.27273
22, -6.09091
23, -4.52273
24, 5.68182
25, 3.18182
26, -5.34091
27, 1.45455
28, 1.29545
29, -0.0454545
30, 1.28889
31, -2.22727
32, -0.931818
33, -0.840909
34, 0.227273
35, 2.36364
36, -1.93182
37, 0.0909091
38, 1.65909
39, -3.18182
40, 4.37778
41, 0.227273
42, -3.29545
43, -2.31818
44, 3.63636
45, 2.90909
46, 0.659091
47, -2.54545
48, -4.72727
49, -0.431818
50, 3.48889
51, -0.340909
52, 2.70455
53, -0.681818
54, -1.97727
55, 1.47727
56, -0.704545
57, -2.13636
58, 1.18182
59, 2.40909
60, 2.64444
61, -3.09091
62, -2.5
63, -0.863636
64, 2.43182
65, -1.79545
66, 1.38636
67, -0.568182
68, -1
69, 3.6
70, 1.13636
71, -3.61364
72, -1.38636
73, 3.18182
74, 1.20455
75, -3.15909
76, -1.61364
77, 1.81818
78, 2.61364
79, 3.34091
80, -4.8
81, -4.72727
82, -2.09091
83, 6.72727
84, 4.25
85, -0.318182
86, -5.5
87, 0
88, -1.65909
89, 1.18182
90, -0.288889
91, -0.909091
92, 5.86364
93, 1.47727
94, -4.72727
95, 2.77273
96, -1.5
97, -1.93182
98, -3.02273
99, 4.54545
100, 0.622222
101, -0.613636
102, 0.977273
103, -1.65909
104, 3
105, -1.86364
106, -1.31818
107, -2.40909
108, -2.43182
109, 4.72727
110, 2.71111
111, -4.72727
112, 5.29545
113, 1.65909
114, -5.36364
115, 0.931818
116, -0.136364
117, 0.0227273
118, -0.204545
119, 0.204545
120, -0.111111
121, -0.5
122, -1.68182
123, 6.84091
124, 18.3409
125, -13.25
126, 182.523
127, -232.568
128, 1512.18
129, -2223.75
130, 484.356
131, 1256.64
132, -983.955
133, 42.75
134, 390.364
135, -769.432
136, 515.205
137, 54.0455
138, 0.659091
139, -426.222
140, 665.545
141, -587.568
142, 385.25
143, -16.7955
144, -509.545
145, 252.977
146, 281.705
147, -236.227
148, 20.9318
149, 66.7955
150, -147.067
151, -28.0682
152, 143.25
153, -71.2727
154, 6.56818
155, -124.636
156, 203.591
157, -170.841
158, 67.0455
159, 169.045
160, -81.0444
161, 23.4773
162, -81.7727
163, 91.8864
164, -100.045
165, -46.7955
166, 218.568
167, -363.727
168, 399.636
169, -126.667
170, -198.432
171, 241.455
172, -31.7727
173, -123.659
174, 71.6818
175, 51.6591
176, -43.4773
177, 11.3182
178, -81.3864
179, 27.5455
180, 31.2
181, 18.4318
182, 1.54545
183, -17.8409
184, -111.886
185, 178.068
186, -147.614
187, 76.4545
188, 22.7955
189, 14.2727
190, -50.0667
191, 19.3636
192, 7.70455
193, 56.5455
194, -60.3182
195, 47.9545
196, -21.7955
197, -55.5
198, 155.659
199, -168.568
200, 72.2889
201, -51.0455
202, 7.25
203, 83.8864
204, -53.1818
205, -100.023
206, 108.477
207, 24.6591
208, -25.6591
209, -50.8409
210, 18.7556
211, 34.6818
212, -21.75
213, -14
214, 15.8182
215, -44
216, 72.1818
217, -49.3864
218, 13.4318
219, -47.5455
220, 74.8667
221, -8.90909
222, -59.9318
223, 53.25
224, -15.2727
225, -24.5455
226, 9.72727
227, 33.3864
228, 21.7955
229, -60.6364
230, 41.9111
231, -32.1136
232, -30.1136
233, 21.1364
234, 48.6818
235, -42.1591
236, 3.52273
237, 65.2045
238, -77.8636
239, 40.2727
240, -7.13333
241, -9.15909
242, 14.7273
243, 0.409091
244, 4.22727
245, 0.818182
246, -40.0227
247, 35.0227
248, -1.04545
249, -10.1364
250, 11.9778
251, -26.7273
252, -14.0682
253, 18.3182
254, 4.11364
255, 0.977273
256, -2.43182
257, -3.63636
258, -13.6364
259, 17.3636
260, 45.5111
261, -34.8636
262, 6.65909
263, -4.29545
264, -7
265, 25.9091
266, -14.5
267, 1.02273
268, 8.45455
269, -39.9091
270, -16.2
271, 55.5
272, -23.3864
273, 14.1818
274, -0.818182
275, -14.0682
276, -1.54545
277, 35.8182
278, -11.4773
279, -42.1778
280, 33.9091
281, -12.5909
282, -13.7727
283, 1.11364
284, 17.75
285, -14.9545
286, 20.8182
287, -4.59091
288, 0.159091
289, -17.7045
290, 4.75556
291, 10.5682
292, -3.75
293, 10.4318
294, -19.3864
295, -7.25
296, 1.09091
297, 5.56818
298, 9.70455
299, 6.93182
300, -1.95556
301, 1.06818
302, 7.20455
303, -17.9545
304, 3.02273
305, 3.52273
306, -22.3636
307, 14.6364
308, 18.2727
309, -5.79545
310, 0.622222
311, -24.1364
312, 4.09091
313, 0.931818
314, -838.477
315, 2042.05
316, -857.864
317, -1710.14
318, 1768.32
319, -199.068
320, -412.933
321, 691.795
322, -571.136
323, -131.773
324, 356.545
325, 106.159
326, -383.773
327, 48.9545
328, -14.8409
329, -220.295
330, 687.244
331, -353.364
332, -1.79545
333, -100.409
334, 235.955
335, 141.182
336, -358.841
337, 218.795
338, -187.273
339, 53.6444
340, 246.5
341, -214.841
342, 16.2045
343, -56.8409
344, 20.3864
345, 55
346, -43.0455
347, -60.5682
348, 119.114
349, -29.5227
350, -63.9333
351, 75.6364
352, -148.568
353, 159.932
354, -32.5
355, -74.5455
356, 203.523
357, -15.4773
358, -267.591
359, 370.523
360, -287.156
361, -7.65909
362, 66.3409
363, 39.9091
364, -62.0227
365, 30.4773
366, 89.4091
367, -68.7955
368, 31.3636
369, 98.5227
370, -86.9333
371, -78.8409
372, 58.0227
373, 20.1136
374, -74.7727
375, 23.5227
376, 58.6591
377, -71.25
378, 19.3864
379, -39.0455
380, 35.1111
381, -63.0455
382, 98.2273
383, -94.25
384, 116.114
385, -111.636
386, -7.68182
387, 100.932
388, 9.29545
389, -46.1818
390, -31.0889
391, -28.8636
392, 97.25
393, -5.77273
394, -91.25
395, 19.1364
396, 79.6818
397, -76.6364
398, 21.0682
399, 67.2273
400, -70.4
401, 38
402, -61.8182
403, 50.5682
404, 9.09091
405, -11.9318
406, 12
407, -31.5682
408, -12.7045
409, 65.0909
410, -58.9333
411, 40.1818
412, 9.38636
413, -25.6364
414, 32.3409
415, -40.6364
416, -78.2273
417, 96.5909
418, 10.6364
419, 3.34091
420, 34.6222
421, -75.6818
422, 9.68182
423, -5.11364
424, -5.18182
425, 29.3182
426, -50.2727
427, 54.0909
428, -37.3864
429, 14.0909
430, -6.68889
431, -9.18182
432, -2.95455
433, 51.5
434, 7.88636
435, -80.9318
436, 62.9091
437, -31.4318
438, -0.25
439, 21.7045
440, -4.53333
441, 75.9773
442, -114.977
443, 53.8409
444, -6.18182
445, 0.590909
446, -22.9545
447, -24.9545
448, 29.2955
449, -2.29545
450, 11.0889
451, -3.90909
452, -11.9318
453, -11.5227
454, 15.8182
455, -4.84091
456, 6.86364
457, 29.0682
458, -26.4773
459, 13.3864
460, 7.55556
461, -60.5455
462, 79.8864
463, -37.5909
464, -29.9091
465, 5.93182
466, 19.5909
467, 12.8864
468, 14.7727
469, -5.11364
470, -22.5111
471, 2.56818
472, 27.0227
473, -36.0682
474, 10.6136
475, -7.52273
476, 8.47727
477, 5.06818
478, 16.8182
479, -17.2045
480, -18.8889
481, 21.7273
482, 15.2955
483, -0.5
484, -12.8182
485, -2.38636
486, -16.7273
487, 17.0682
488, 3.61364
489, -38.3636
490, -48.9333
491, -793.886
492, 2900.5
493, -2378.89
494, -936.977
495, 1840.61
496, -433.773
497, -150.295
498, 497.136
499, -721.136
500, 222
501, 482.841
502, -347.977
503, -513.136
504, 245.091
505, 60.7727
506, 100.614
507, 265.955
508, -481.773
509, 269.273
510, -32.3333
511, -50.6818
512, 16.0227
513, -106.25
514, 120.614
515, -173.227
516, 223.568
517, 122.636
518, -254.455
519, -117.318
520, 235.467
521, -90.2727
522, 26.9773
523, -16.3864
524, 19.3864
525, 126.477
526, -42.3409
527, -65.7273
528, 11.5
529, -136.455
530, 232.022
531, -100.614
532, 79.9773
533, -100.182
534, -138.659
535, 46.75
536, 49.7045
537, 38.3864
538, -4.34091
539, -8.54545
540, 16.2222
541, 33.0682
542, -258
543, 232.205
544, -56.75
545, 12.7045
546, 79.6818
547, -63.75
548, -76.5227
549, 134.133
550, -63.1364
551, -35.2955
552, 24.2045
553, -15.3636
554, 89.7955
555, -57.7727
556, 27.5227
557, -86.6818
558, 66.0682
559, 21.5556
560, -22.8864
561, -71.5909
562, 59.1818
563, -85.5909
564, 87.2955
565, -12.8864
566, 1.18182
567, 7.45455
568, -64.9773
569, 69.1364
570, 110.222
571, -129.523
572, 48.3182
573, -73.0909
574, -22.5682
575, 128.341
576, 2.18182
577, -126.773
578, 83.75
579, -43.8409
580, -10.2
581, 45.5455
582, -21.9091
583, 13.7955
584, 15.1591
585, 11.3636
586, -73.0227
587, 40.5227
588, -35.0455
589, 31.5
590, 16.2
591, 2.65909
592, -12.3864
593, 5.84091
594, 5.5
595, -47.9091
596, 26.2045
597, 2.22727
598, 31.7045
599, -21.4545
600, 11.8444
601, 44.25
602, -64.4091
603, -19.9545
604, 28.9091
605, -43.0682
606, 32.9318
607, 2.77273
608, 29.7955
609, -53.5682
610, 33.6
611, 26.75
612, -67.8864
613, 33.9091
614, -45.6591
615, 76.0682
616, -20.9773
617, -22.8864
618, 19.5682
619, -4.15909
620, 16.3556
621, -14.3409
622, -34.7727
623, 21.8182
624, -2.52273
625, 14.2045
626, -3.86364
627, -8.90909
628, 11.4545
629, 13.4091
630, -37.1333
631, -16.7727
632, 60.1591
633, -5.43182
634, 5.5
635, 6.38636
636, -24.9545
637, -19.0909
638, 23.5
639, -0.0454545
640, -14.2667
641, 15.9545
642, -10.0227
643, -1.15909
644, -4.31818
645, -0.886364
646, 10.9318
647, -15.3864
648, 21.7727
649, 26.8864
650, -36.9111
651, 1.90909
652, 25.5455
653, -54.1364
654, 55.6136
655, -9
656, -49.6591
657, -862.432
658, 2017.11
659, -827.295
660, -1726.98
661, 1824.89
662, -286.114
663, -288.773
664, 606.682
665, -480.591
666, -144.091
667, 310.773
668, 53.7727
669, -336.727
670, 80.3111
671, -35.7727
672, -91.0227
673, 505.568
674, -288.318
675, 3.63636
676, -52.6136
677, 196.705
678, 96.0227
679, -272.689
680, 231.977
681, -227.682
682, 37.3409
683, 244.341
684, -242.841
685, 60.9091
686, -0.795455
687, -5.93182
688, -35.5227
689, -3.93182
690, -16.9556
691, 126.114
692, -86.1818
693, -47.4545
694, 23.4318
695, -95.0909
696, 166.727
697, -22.1818
698, -63.1364
699, 103.568
700, 16.8444
701, -222.75
702, 291.727
703, -208
704, 40.6364
705, -23.7273
706, 15.5909
707, 15.3182
708, 31.8636
709, 73
710, -86.9333
711, -31.2727
712, 135.659
713, -66.1591
714, -55.3636
715, 38.6136
716, -42.0227
717, 10.75
718, 39.5909
719, 8.04545
720, -30.3556
721, -30.0227
722, -67.6591
723, 90.75
724, -6.90909
725, 35.0909
726, -99
727, 86.8182
728, -88.6364
729, -1.20455
730, 91.0444
731, -16.4545
732, -30.6818
733, -21.4773
734, 10.6136
735, 71.7955
736, -32.1818
737, -90.7955
738, 46.5682
739, 59.5682
740, -49.6222
741, 51.6364
742, -31.6818
743, -49.4773
744, 58.1136
745, -23.1364
746, 51.8636
747, -37.0682
748, -31.0227
749, 26.8864
750, -4.6
751, -18.25
752, 55.8409
753, -57.8409
754, 38.5227
755, 14.2045
756, -16.6818
757, 23.9318
758, -67.0227
759, -38.4773
760, 94.2222
761, 1.25
762, 2.02273
763, 21.7727
764, -76.7045
765, 28.8409
766, 3.84091
767, -17.1818
768, 26.5
769, -53.5
770, 61
771, -40.25
772, 11.6591
773, -4.25
774, 4.47727
775, -16.9545
776, 46.1364
777, -7.52273
778, -57.2273
779, 34.8182
780, -5.64444
781, 10
782, 21
783, -18.4545
784, 44.6818
785, -65.1591
786, 40.1818
787, -2.93182
788, 4.20455
789, -33.25
790, -16.5111
791, 18
792, -15.3182
793, 28.5909
794, 9.68182
795, -26.3864
796, -8.61364
797, 17.6364
798, -10.2273
799, 2.56818
800, 21.8889
801, -7.13636
802, 8.11364
803, 6.47727
804, -42.1591
805, 46.7955
806, -28.6591
807, -13
808, 3.52273
809, 8.70455
810, 17.9111
811, 5.77273
812, -34.2727
813, -20.2273
814, -1017.09
815, 1945.02
816, -864.545
817, -1477.89
818, 1722.18
819, -151.159
820, -271.022
821, 521.182
822, -554.25
823, -43.1818
824, 447.795
825, -89.8864
826, -401.227
827, 93.7273
828, 14.4545
829, -66.0455
830, 458.2
831, -358.568
832, 55.75
833, 2.68182
834, 155.273
835, 84.8636
836, -323.409
837, 271.886
838, -213.705
839, -2.36364
840, 261.667
841, -197.091
842, 8.02273
843, 43.5682
844, -27.8409
845, -27.5909
846, -0.681818
847, -56.9545
848, 119
849, -35.1818
850, -63.4889
851, 33.3864
852, -86.9091
853, 186.955
854, -115.227
855, -29.9545
856, 148.773
857, -39.0909
858, -163.341
859, 266.159
860, -244.444
861, 65.7273
862, 5.95455
863, 56.1364
864, 5.04545
865, -53.4773
866, 63.5455
867, -53.9091
868, 40.7727
869, 89.0227
870, -101.711
871, -56.4318
872, 98.7955
873, -10.8636
874, -39.8864
875, 4.72727
876, 20.25
877, -22.7273
878, -8.40909
879, -49.3864
880, 70.5333
881, -77.2727
882, 74.0455
883, -71.9545
884, 40.0682
885, -29.3864
886, -21.0227
887, 67.1364
888, 55.5227
889, -77.9773
890, -8.51111
891, -29.6818
892, 102.636
893, -2.61364
894, -90.7273
895, 25.4318
896, 50.2273
897, -92.75
898, 86.8182
899, 10.6136
900, -75.4444
901, 65.8409
902, -50.9773
903, 33.3182
904, 2
905, -2.25
906, -13.6591
907, 1.61364
908, -4.29545
909, 65.75
910, -96.0444
911, 48.7727
912, -2.65909
913, -7.45455
914, 40.8864
915, -42.9545
916, -37.9318
917, 59.8636
918, -0.0454545
919, -8.09091
920, 49.3556
921, -72.9318
922, 16.8636
923, -6.15909
924, -4.13636
925, 30.9091
926, -40.5227
927, 30.0682
928, -32.8182
929, 15.0227
930, 7.95556
931, -20.1591
932, -12.4318
933, 36.9091
934, 22.7273
935, -36.8636
936, -4.45455
937, -5.70455
938, 2.29545
939, 19.2045
940, 10.9778
941, 28.75
942, -56.25
943, 30.8182
944, -16.6364
945, 19.7045
946, -23.6591
947, -22.1136
948, 9.36364
949, -21.4545
950, 29.3333
951, 20.3636
952, -15.4545
953, -12.9318
954, 6.36364
955, -13.0682
956, 10.6364
957, 20.0227
958, 3.45455
959, -25.0227
960, -4.88889
961, -4.5
962, -1077.05
963, 2237.68
964, -1123.68
965, -1459.61
966, 1797.91
967, -210.591
968, -237.705
969, 422.614
970, -530.378
971, 85.2727
972, 432.977
973, -254.205
974, -386.091
975, 118.591
976, 14.7727
977, 55.4091
978, 394.818
979, -353.136
980, 68.6222
981, -72.3864
982, 78.4545
983, 216.341
984, -279
985, 107.182
986, -205.455
987, 132.682
988, 234.591
989, -205.295
990, -13.7111
991, -4.90909
992, 35.0682
993, 21.8182
994, -19.0682
995, -101.114
996, 138.841
997, -46.8864
998, -33.5455
999, 28.5455
1000, -102.022
1001, 167.159
1002, -112.523
1003, 6.5
1004, 98.7727
1005, -62.2955
1006, -88.8864
1007, 192.75
1008, -182.659
1009, 96.1136
1010, -26.4667
1011, -7.20455
1012, -29.3636
1013, -34.9545
1014, 138.795
1015, -57.0455
1016, -8.20455
1017, 86.75
1018, -54.1136
1019, -68.5909
1020, 73.3556
1021, -33.75
1022, -48.5455
1023, 41.7273
1024, 17.3182
1025, 46.7273
1026, -70.3864
1027, -26.1136
1028, 22.5
1029, -9.75
1030, 48.1111
1031, -64.9318
1032, 7.47727
1033, 23.1818
1034, -53.8864
1035, 81.4545
1036, -19.6818
1037, -38.7955
1038, 14.1364
1039, -19.7955
1040, 71.1778
1041, 30.4773
1042, -133.75
1043, 74.7955
1044, 2.97727
1045, -45.3636
1046, 70.3182
1047, -6.52273
1048, -70.4091
1049, 72.75
1050, -45.5333
1051, 29.9318
1052, 2.34091
1053, -28.3636
1054, 4.11364
1055, 23.4545
1056, -13.7273
1057, 24.0227
1058, -60.3636
1059, 46.0682
1060, 10.4444
1061, -22.9091
1062, 40.9773
1063, -42.75
1064, -34.7955
1065, 52.4545
1066, 6.47727
1067, -15.3409
1068, 40.1818
1069, -43.1818
1070, 6.13333
1071, 1.70455
1072, 7.40909
1073, 10.5455
1074, -63.7727
1075, 59.4091
1076, -35.2727
1077, 31.5909
1078, -29.3409
1079, -2.22727
1080, -16.7778
1081, 44.7045
1082, 19.4318
1083, -41.6591
1084, -9.72727
1085, 3.13636
1086, 23.2045
1087, 13.3182
1088, -18.9318
1089, 28.0682
1090, -35.6222
1091, 31.3864
1092, -19.1364
1093, 12.3182
1094, -24.8409
1095, -19.5455
1096, 18.7045
1097, 3.40909
1098, -7.06818
1099, 28.2
1100, -30.5455
1101, -49.7955
1102, 332.114
1103, 303.705
1104, -1256.52
1105, 514.75
1106, 680.023
1107, -589.977
1108, 100.477
1109, 107.333
1110, -403.273
1111, 348.273
1112, -6.79545
1113, -41.5455
1114, -201.841
1115, 345.5
1116, -340.25
1117, 346.591
1118, -81.4091
1119, -314.844
1120, 163.068
1121, 208.795
1122, -197.886
1123, 12.5682
1124, 33.0909
1125, -50.1364
1126, -46.2045
1127, 97.3182
1128, -55.8182
1129, -8.40909
1130, 14.0667
1131, 84.4091
1132, -138.591
1133, -20.5455
1134, 154.364
1135, -21.8409
1136, 33.2273
1137, -115.568
1138, 107.523
1139, -102.636
1140, -47.6444
1141, 179.068
1142, -260.705
1143, 250.477
1144, -66.3864
1145, -97.9318
1146, 161.841
1147, -48.6818
1148, -109.818
1149, 70.8182
1150, 1.73333
1151, 35.5227
1152, -14.4545
1153, -26.6136
1154, -36.9091
1155, 50.3636
1156, -7.25
1157, 50.25
1158, -22.1591
1159, -116.341
1160, 120.6
1161, -65.5227
1162, 54
1163, 12.4545
1164, -27.5
1165, -39.4091
1166, 23.8636
1167, 23.5
1168, 69.5909
1169, -75.5
1170, 29.0444
1171, 12.0682
1172, -59.9773
1173, 88.7273
1174, -56.3636
1175, 19
1176, -47.1136
1177, 10.8182
1178, 58.25
1179, -29.1364
1180, -51.4444
1181, 11.7955
1182, 27.4091
1183, 21.0455
1184, 2.04545
1185, -47.25
1186, 33.7273
1187, -31.7955
1188, 10.9318
1189, -1.15909
1190, -3.8
1191, 43.1364
1192, -36.1591
1193, 8.04545
1194, -34.0682
1195, 48.3182
1196, -19.2955
1197, -25.5909
1198, 26.5909
1199, 30.7045
1200, -40.0667
1201, -13.2955
1202, 23.0909
1203, 0.522727
1204, -23.4773
1205, 29.4773
1206, -2.79545
1207, -30.5909
1208, 1.81818
1209, 29.0455
1210, -0.555556
1211, -12.4091
1212, 8
1213, -12.3409
1214, 13.4091
1215, 3.95455
1216, 13.3636
1217, -6.72727
1218, -12.4545
1219, -3.54545
1220, 30.8444
1221, -27.0227
1222, -11.6136
1223, 22.0227
1224, -19.4545
1225, 33.8409
1226, -25.3636
1227, -16.2045
1228, 13.1818
1229, -4.97727
1230, 2.35556
1231, -7.40909
1232, -6.70455
1233, -978.25
1234, 2238.45
1235, -1237.52
1236, -1122.5
1237, 1491.39
1238, -288.886
1239, -125
1240, 402.689
1241, -525.727
1242, 95.5
1243, 446.932
1244, -261.568
1245, -395.841
1246, 169.591
1247, 2.13636
1248, -5.40909
1249, 340.568
1250, -291.689
1251, 100.136
1252, -60.7273
1253, 29.0227
1254, 69.3864
1255, -143.159
1256, 99.7955
1257, -182.409
1258, 154.364
1259, 186.182
1260, -226.511
1261, -13.75
1262, 58.1136
1263, -5.31818
1264, -6.11364
1265, -16.2045
1266, -13.5227
1267, 83.1136
1268, -33.1136
1269, -19.1818
1270, -22.1556
1271, -53.2273
1272, 158.705
1273, -106.955
1274, 58.5909
1275, -6.90909
1276, -66.7045
1277, -7.90909
1278, 79.6364
1279, -56.0227
1280, 53.4667
1281, -54.1364
1282, 13.1136
1283, 14.4318
1284, -126.364
1285, 172.023
1286, -91.8182
1287, 23.1591
1288, 84.0682
1289, -62.5455
1290, -50.2222
1291, 59.2045
1292, -40.6591
1293, -12.7955
1294, 44.4773
1295, 0.454545
1296, 45.3864
1297, -62.8409
1298, -0.522727
1299, -5.45455
1300, 7.75556
1301, 23.5
1302, -34.8864
1303, -46.9091
1304, 60.75
1305, -40.4545
1306, 27.4545
1307, 2.59091
1308, -11.9773
1309, 29.7727
1310, -49.9333
1311, 63.5909
1312, 35.9091
1313, -95.5455
1314, 51.4318
1315, -26.8409
1316, -8.36364
1317, 59.4318
1318, 11.3636
1319, -86.6364
1320, 57.7111
1321, -29.2955
1322, -1.02273
1323, 13.2273
1324, -2.70455
1325, 11.7273
1326, 13.1818
1327, -8.86364
1328, -8.25
1329, -34.3864
1330, 17.8
1331, 29.4545
1332, -19.0682
1333, 0.909091
1334, 15.1364
1335, -16.8636
1336, 18
1337, -20.6136
1338, 12
1339, 10.25
1340, -17.0222
1341, 3.15909
1342, -5.79545
1343, 32.0682
1344, -7.61364
1345, -30.9091
1346, 25.9091
1347, -36.7045
1348, 16.8182
1349, 7.08889
1350, -5.81818
1351, -19.9773
1352, 28.8636
1353, 24.3636
1354, -45.3409
1355, -14.7045
1356, -125.909
1357, -450.227
1358, 1795.09
1359, -1499.47
1360, -357.114
1361, 1115.61
1362, -422.023
1363, 2.29545
1364, 224.636
1365, -524.318
1366, 270.023
1367, 217.909
1368, -73.4091
1369, -400.422
1370, 234.955
1371, 4.52273
1372, 81.25
1373, 59.0227
1374, -254.364
1375, 157.932
1376, 22.4545
1377, -13.0227
1378, 43.8409
1379, -51.2727
1380, -88.6667
1381, -62.25
1382, 154.841
1383, 75.75
1384, -126.909
1385, -113.977
1386, 167.068
1387, -86.4091
1388, 55.7727
1389, 19.9545
1390, 10.7111
1391, 63.0227
1392, -88
1393, 22.7955
1394, -16.8409
1395, -103.295
1396, 176.205
1397, -95.8182
1398, 48.5227
1399, -49.5909
1400, -109.156
1401, 115.705
1402, 4.54545
1403, -3.84091
1404, 18.75
1405, 14.25
1406, -15.6818
1407, 32.4318
1408, -159.523
1409, 117.364
1410, -51.2
1411, 18.0455
1412, 56.3636
1413, -35.4318
1414, -58.9318
1415, 73.7727
1416, -24.7045
1417, -34.6364
1418, 52.6818
1419, 17.5455
1420, -21.6222
1421, 8
1422, 31.5227
1423, -35.5682
1424, 12.0909
1425, 24.7727
1426, -42.0227
1427, -44.8864
1428, 95.9091
1429, -88.5682
1430, 37.7556
1431, -39.1818
1432, 17.7273
1433, 67.5682
1434, -84.9318
1435, 31.8636
1436, 42.7045
1437, -31.8182
1438, 25.75
1439, -46.8864
1440, 15.3111
1441, 18.6818
1442, 28.2045
1443, -61.9545
1444, 38.5455
1445, -17.1364
1446, 3.34091
1447, -13.8636
1448, -15.0455
1449, 42.6364
1450, 3.64444
1451, 5.61364
1452, -68.1591
1453, 43.7273
1454, -3.72727
1455, 11.3636
1456, -13.3182
1457, -1.93182
1458, 3.72727
1459, -3.61364
1460, 38.0222
1461, -51.6818
1462, 9.02273
1463, -1.13636
1464, 21.7955
1465, -16.25
1466, 10.9545
1467, 27.5909
1468, -55.8864
1469, 27.3182
1470, 20.7111
1471, -58.8409
1472, 27.4773
1473, -66.25
1474, -556.205
1475, 1845.5
1476, -1348.2
1477, -707.932
1478, 1209.52
1479, -339.841
1480, -51.8222
1481, 299.705
1482, -490.591
1483, 204.659
1484, 236.841
1485, -98.2273
1486, -356.523
1487, 238.295
1488, -43.9545
1489, -48.75
1490, 255.622
1491, -249.545
1492, 133.227
1493, -1.38636
1494, -61.4091
1495, 71.1591
1496, -60.5227
1497, -46.8409
1498, -34.3182
1499, 138.455
1500, 53.4667
1501, -133.75
1502, -30.9091
1503, 61.0909
1504, 3.40909
1505, 43
1506, -69.1136
1507, 21.25
1508, 65.6818
1509, -72.2727
1510, 35.9778
1511, -3.56818
1512, -54.5909
1513, 80.5909
1514, -55.2955
1515, 42.5909
1516, -73.2273
1517, -37.7045
1518, 89.1591
1519, -25.5
1520, 16.3333
1521, 31.7273
1522, -25.7273
1523, -40.1818
1524, 24.7045
1525, -143.045
1526, 171.955
1527, -43.1818
1528, -2.25
1529, 53.5909
1530, -46.6667
1531, -35.9318
1532, 57.2045
1533, -18.7727
1534, -37.3409
1535, 51.25
1536, -35.25
1537, 49.8864
1538, 3.04545
1539, -18.8182
1540, -28.8667
1541, 18.5227
1542, 9.81818
1543, -0.454545
1544, -86.5455
1545, 96.75
1546, -59.2955
1547, 36.6818
1548, -8.88636
1549, -9
1550, 29.7333
1551, -56.3864
1552, 47.4773
1553, 65.6136
1554, -68.3409
1555, 17.0909
1556, -58.3182
1557, 32.5455
1558, 8.04545
1559, 57.2045
1560, -56.3333
1561, 26
1562, 2.56818
1563, -12.1591
1564, -27.2955
1565, -4.59091
1566, 39.4773
1567, 15.4773
1568, -26.0455
1569, -27.2955
1570, 27.7111
1571, -18.8864
1572, 15.7727
1573, -11.2273
1574, -8.38636
1575, 24.0682
1576, -9.09091
1577, 17.25
1578, -23.4545
1579, -2.15909
1580, 12.0889
1581, 8.90909
1582, -10
1583, -4.02273
1584, 97.7727
1585, -231.432
1586, 889.318
1587, -1067.2
1588, -88.9773
1589, 786.045
1590, -437.067
1591, 96.8182
1592, 59.9318
1593, -393.659
1594, 381.659
1595, -105.523
1596, 156.523
1597, -330.705
1598, 267.023
1599, -163.477
1600, 153.244
1601, 6.68182
1602, -232.136
1603, 132.273
1604, 113.523
1605, -186.159
1606, -7.34091
1607, 81.5909
1608, -33.2045
1609, -74.8864
1610, 121.711
1611, 13.9091
1612, -56.3864
1613, -95.0682
1614, 94.75
1615, -30.25
1616, 58
1617, 64.2273
1618, -50.9773
1619, 72.75
1620, -122.444
1621, 59.1364
1622, -22.2955
1623, -30.2727
1624, 84.7727
1625, -130.727
1626, 111.886
1627, -63.5682
1628, -28.5909
1629, 93.9318
1630, -4.22222
1631, -72.2727
1632, 37.7955
1633, 5.52273
1634, -15.5
1635, 39.6591
1636, -73.2727
1637, 57.7727
1638, 8.5
1639, -35.0682
1640, -3.22222
1641, -3.79545
1642, -27.3409
1643, 87.6364
1644, -77.3409
1645, 8.68182
1646, 24.2955
1647, 24.2955
1648, -31.6364
1649, 30.9773
1650, 12.8444
1651, -4.88636
1652, -19.3864
1653, 14.3864
1654, -14.8864
1655, -40.0227
1656, 73.1591
1657, -49.5909
1658, 30
1659, -53.9318
1660, 16.1778
1661, 31.1818
1662, -17.4318
1663, 9.31818
1664, 15.3409
1665, 2.02273
1666, -5.84091
1667, -26.2045
1668, 5.15909
1669, 8.84091
1670, 8.71111
1671, -16.2955
1672, 13.1364
1673, -20.4773
1674, 17.3182
1675, 2.63636
1676, -8.72727
1677, -1.52273
1678, 23.1818
1679, -4.45455
1680, -37.7778
1681, 20.8864
1682, -0.272727
1683, 6.70455
1684, 2.13636
1685, 1.45455
1686, 5.18182
1687, -26.25
1688, 42.5
1689, 64.6136
1690, 269.267
1691, -300.409
1692, -628.545
1693, 791.114
1694, 26.4091
1695, -261.295
1696, 53.2045
1697, -59.6364
1698, -172.864
1699, 352.523
1700, 99.4667
1701, -329.523
1702, -7.72727
1703, 77.1136
1704, -151.568
1705, 309.023
1706, -129.364
1707, -132.773
1708, 22.9091
1709, 208
1710, -110.6
1711, -66.8864
1712, 156.75
1713, -107.545
1714, -83.7727
1715, 124.25
1716, -53.5682
1717, -5.79545
1718, 22.3182
1719, -12.6364
1720, 4.71111
1721, 24.6818
1722, -19.2273
1723, -10.9773
1724, 20.5909
1725, -23.25
1726, 54.9318
1727, -39.1364
1728, -83.3636
1729, 161.5
1730, -170.222
1731, 168.727
1732, 12.2727
1733, -138.614
1734, 149.114
1735, -75.9318
1736, -56.25
1737, 56.9091
1738, -63.5455
1739, 65.6364
1740, 19.8222
1741, -6.36364
1742, -46.7727
1743, 17.0682
1744, 10.8864
1745, 26.3636
1746, -19.9318
1747, -38.1364
1748, 44.7727
1749, -23.7045
1750, 5.42222
1751, 9.27273
1752, -39.0682
1753, 26.75
1754, -23.8864
1755, 7.20455
1756, -8.5
1757, 25.4091
1758, -4.93182
1759, 74.3636
1760, -47.2
1761, -9.09091
1762, 32.9545
1763, -44.7955
1764, 10.5455
1765, -5.18182
1766, -10.9091
1767, 30.0227
1768, -42.1364
1769, 4.25
1770, -13.9333
1771, 36.7727
1772, -1.18182
1773, -30.9545
1774, 25.3636
1775, -12.9318
1776, 19.8182
1777, -28.6364
1778, -1.45455
1779, 35.9545
1780, -12.9778
1781, 9.20455
1782, -30.5227
1783, 19.5682
1784, -0.977273
1785, 9.68182
1786, -24.6818
1787, 58
1788, 182.568
1789, 140.932
1790, -52.9778
1791, -709.295
1792, 392.932
1793, 329.75
1794, -251.455
1795, 95.7045
1796, -32.7955
1797, -312.977
1798, 330.795
1799, -20
1800, -19.9556
1801, -123.091
1802, 176.523
1803, -208.068
1804, 228.409
1805, -103.045
1806, -178.477
1807, 53.4773
1808, 233.227
1809, -121.5
1810, -64.9778
1811, 125.273
1812, -131.273
1813, 15.9545
1814, 65.8409
1815, -27.2273
1816, -4.45455
1817, -51.4773
1818, 33.5455
1819, -42.3409
1820, 28.6222
1821, 102.136
1822, -62.6591
1823, 70.5909
1824, -120.5
1825, 47.8864
1826, 21.9091
1827, -96.7727
1828, 113.568
1829, -157.136
1830, 197.333
1831, -58.7955
1832, -101.5
1833, 96.75
1834, 16.7955
1835, -92.8409
1836, 35.4091
1837, 19
1838, -0.977273
1839, -14.5682
1840, 8
1841, -4.90909
1842, 6.75
1843, -4.81818
1844, 28.5455
1845, -43.2727
1846, -0.318182
1847, 56.1818
1848, -76.2727
1849, 60.9091
1850, -9.86667
1851, 1.72727
1852, -22.3636
1853, -15.9545
1854, 19.3636
1855, 29.5227
1856, -2.52273
1857, 18.25
1858, 1.56818
1859, -39.7955
1860, 44.2444
1861, -10.75
1862, -25.5
1863, -21.4545
1864, 19.7727
1865, 1.06818
1866, 30.4773
1867, -46.0455
1868, -4.56818
1869, 35.9091
1870, -15.4222
1871, 13.2273
1872, -26.8864
1873, 3.54545
1874, 9.75
1875, 10.1136
1876, -21.9773
1877, 20.1136
1878, -13.0455
1879, 9.54545
1880, -25.6444
1881, -5.13636
1882, -5.72727
1883, 470.818
1884, -381.75
1885, -727.977
1886, 890.795
1887, 2.5
1888, -264.568
1889, 117.5
1890, -112.311
1891, -150.273
1892, 306.364
1893, 95.6591
1894, -323.432
1895, 57.2727
1896, 12.5
1897, -91
1898, 250.114
1899, -104
1900, -89
1901, 14.7045
1902, 168.864
1903, -45.9545
1904, -121.659
1905, 160.909
1906, -125.523
1907, -44.5682
1908, 154.614
1909, -92.8636
1910, 34.1333
1911, -21.2727
1912, -31.4318
1913, -0.659091
1914, 20.8182
1915, 30.7727
1916, -10.25
1917, -52.75
1918, 3.97727
1919, 36.5227
1920, -11.3778
1921, -32.5682
1922, 69.3182
1923, -105.614
1924, 171.455
1925, -8.11364
1926, -149.159
1927, 136.5
1928, -122.75
1929, 2.43182
1930, 114.556
1931, -102.932
1932, 20.1136
1933, 29.3182
1934, -2.43182
1935, -28.9318
1936, 31.8636
1937, -10.75
1938, 31.4091
1939, -34.7273
1940, 6.66667
1941, -4.34091
1942, 8.25
1943, 10.6818
1944, -18.1136
1945, -26.0682
1946, 9.29545
1947, -20.7273
1948, 11.9318
1949, -0.113636
1950, 27.6667
1951, -24.1818
1952, 57.4773
1953, -38.4773
1954, -19.2273
1955, 29.6591
1956, -14
1957, 1.27273
1958, 10.5
1959, -7.79545
1960, 15.2444
1961, -40.4773
1962, 1.11364
1963, 1.27273
1964, 36.5227
1965, -12.0455
1966, -25.8864
1967, 7.79545
1968, -14.2045
1969, 20.5227
1970, 27.2444
1971, -31.1818
1972, 436.386
1973, -364.614
1974, -637.023
1975, 750.386
1976, 2.52273
1977, -161.614
1978, 105.114
1979, -96.4773
1980, -95.8667
1981, 157.841
1982, 71.0455
1983, -257.068
1984, 75.9091
1985, 110.227
1986, -150.682
1987, 237.75
1988, -124.545
1989, -100.205
1990, 25.3333
1991, 149.886
1992, -34.8864
1993, -86.5227
1994, 115.591
1995, -60.9091
1996, -94.6136
1997, 120.159
1998, -45.1591
1999, 22.3636
2000, -35.5778
2001, 36.3409
2002, -51.8409
2003, -22.6364
2004, 86.1818
2005, -7.95455
2006, -4.61364
2007, -50.5682
2008, 21.6591
2009, 32.0682
2010, -32.5778
2011, 37.5682
2012, -77.6591
2013, 123.795
2014, -13.5909
2015, -121.886
2016, 137.773
2017, -128.364
2018, 34.5
2019, 67.4091
2020, -82.9556
2021, 83.7273
2022, -43.0909
2023, 8.72727
2024, -23.8182
2025, 21.1818
2026, 6.81818
2027, 37.0909
2028, -47.0227
2029, -32.5909
2030, 42.4889
2031, -0.454545
2032, -4.93182
2033, -3.27273
2034, -23.9091
2035, 7.95455
2036, -21.2727
2037, 28.7727
2038, -21.1818
2039, 41.1364
2040, -36.4889
2041, 60.75
2042, -19.7955
2043, -40.7273
2044, 47.4091
2045, -20.1591
2046, 12.4091
2047, -17.5909
2048, -2.18182
2049, 16.1136
2050, -36.3111
2051, 7.86364
2052, -11.9318
2053, 38.7045
2054, 28.8864
2055, -44.7045
2056, -100.114
2057, 726.5
2058, -800.318
2059, -200.818
2060, 652.178
2061, -321.364
2062, 128.614
2063, 48.25
2064, -373.955
2065, 290.364
2066, 39.9091
2067, 25.2273
2068, -180.841
2069, 116.818
2070, -92.3111
2071, 105.977
2072, -10.5227
2073, -135.591
2074, 117.023
2075, 9.45455
2076, -38.1364
2077, 4.38636
2078, 36.0909
2079, -70.8864
2080, -41.3111
2081, 88.8636
2082, 70.9091
2083, -106.455
2084, -37.4545
2085, 55.8409
2086, -61
2087, 60.0909
2088, 74.4318
2089, -86.2273
2090, 83.3111
2091, -94.0682
2092, -9.68182
2093, 68.5909
2094, -53.9091
2095, 56.8409
2096, -62.5455
2097, 20.5227
2098, 18.7955
2099, -55.7727
2100, 60.3778
2101, -9.18182
2102, -44
2103, 70.7727
2104, -16.0909
2105, -25.4773
2106, -10.6364
2107, -46.2273
2108, 66.9318
2109, -4.36364
2110, -26.8222
2111, 0.159091
2112, 1.54545
2113, 17.4091
2114, 21.7273
2115, -39.4318
2116, -5.25
2117, 30.5455
2118, -19.1591
2119, 37.1364
2120, -11.9111
2121, 5.61364
2122, -13.9773
2123, 9.63636
2124, 1.29545
2125, -14.75
2126, -7.02273
2127, 25.1364
2128, -21.4773
2129, 16.3182
2130, -33.5778
2131, 15.3636
2132, 8.34091
2133, -33.8636
2134, 34.4545
2135, 223.159
2136, 76.9545
2137, 51.7045
2138, -632.136
2139, 198.773
2140, 327.911
2141, -234.364
2142, 10.4545
2143, 43.5227
2144, -219.909
2145, 322.409
2146, -26.3182
2147, -158.818
2148, -59.9091
2149, 205.227
2150, -120.311
2151, 79.4773
2152, -66.6136
2153, -116.159
2154, 66.8864
2155, 116.477
2156, -59.4318
2157, 13.5227
2158, -2.54545
2159, -46.0909
2160, -79.6667
2161, 106.545
2162, -13.75
2163, 25.6364
2164, -80.9318
2165, 31.0455
2166, -1.31818
2167, -6.5
2168, 96.9318
2169, -45.3409
2170, 12.0889
2171, -26.8864
2172, 23.2045
2173, -15.0682
2174, -60.5455
2175, 81.2045
2176, -89.2955
2177, 100.136
2178, -45.5909
2179, -28.1136
2180, 67.6667
2181, -39.9318
2182, -13.5455
2183, 17.9773
2184, -36.25
2185, 51.5909
2186, -20.2955
2187, -0.227273
2188, -28.1364
2189, 36.0455
2190, -3.28889
2191, 25.6818
2192, -23.75
2193, -10.2955
2194, 31.8864
2195, -41.0682
2196, 23.8636
2197, 6.29545
2198, -14.4318
2199, -12.2889
2200, -2.75
2201, 26.0227
2202, 16.5455
2203, 3.93182
2204, -9.27273
2205, -10.6364
2206, 3.25
2207, 21.1364
2208, -28.7045
2209, 118.636
2210, -2.11111
2211, 341.545
2212, -631.205
2213, 83.0682
2214, 281.318
2215, -247.545
2216, 130.341
2217, 47.9773
2218, -272.136
2219, 307.733
2220, -86.0455
2221, -15.6364
2222, -94.1591
2223, 91.1364
2224, -72.6591
2225, 139.114
2226, -63.8636
2227, -160.318
2228, 87.3409
2229, 133.114
2230, -72.2889
2231, -35.4773
2232, 43.9773
2233, -76.6136
2234, -16.75
2235, 65.5909
2236, 0.909091
2237, -18.2955
2238, -33.6364
2239, 76.3778
2240, -80.8182
2241, -5.97727
2242, 61.2955
2243, -20.7045
2244, 52.1136
2245, -50.0455
2246, 39.1364
2247, -56.7955
2248, -4.34091
2249, 30.7955
2250, -38.1778
2251, 81.9545
2252, -42.9545
2253, -49.5
2254, 95.8636
2255, -39.9318
2256, -46.0682
2257, 45.3182
2258, 2.18182
2259, 6.09091
2260, -21.7333
2261, -18.5455
2262, 27.2727
2263, -15.7273
2264, -7.20455
2265, 27.2273
2266, 8.79545
2267, -41.0227
2268, 26.9773
2269, -17.4318
2270, 14.1556
2271, 21.7727
2272, -5.11364
2273, -19.1364
2274, -5.04545
2275, 1.93182
2276, 16.2727
2277, 10.6136
2278, 0.886364
2279, 17.1591
2280, -25.9333
2281, 519.614
2282, -705.159
2283, -82.7273
2284, 469.545
2285, -218.909
2286, 77.6364
2287, 29.0455
2288, -289.932
2289, 282.295
2290, -31.5333
2291, 22.25
2292, -121.295
2293, 27.5909
2294, 28.2955
2295, 96.9091
2296, -74.7045
2297, -98.1591
2298, 65.3182
2299, 72.1364
2300, -56.0667
2301, -45.5909
2302, 55.7727
2303, -13.2273
2304, -52.5
2305, 49.5909
2306, 41.9545
2307, -41.2727
2308, -48.9773
2309, 35.5227
2310, -17.8444
2311, 27.9091
2312, 37.0909
2313, -3.43182
2314, -17.4545
2315, -44.2273
2316, 27.3182
2317, 1.65909
2318, -6.75
2319, 34.9545
2320, -40.3556
2321, 15.5227
2322, -35.3864
2323, -12.5227
2324, 64.8409
2325, 7.68182
2326, -28.8409
2327, 21.1364
2328, -13.4091
2329, -24.1136
2330, 14
2331, -15.4091
2332, 22.1818
2333, -7.84091
2334, -13.8636
2335, 14
2336, 0.5
2337, -8.20455
2338, 18.3182
2339, -12.7727
2340, -20.2444
2341, 18.7727
2342, 2.02273
2343, 24.3864
2344, -24.5227
2345, 43.8864
2346, -301.659
2347, 687.682
2348, -370.477
2349, -577.5
2350, 605.8
2351, 8.93182
2352, -113.909
2353, 61.3409
2354, -98.2955
2355, -65.3636
2356, 159.25
2357, 51.25
2358, -191.545
2359, 80.5682
2360, -22.2444
2361, -2.04545
2362, 114.682
2363, -88.0682
2364, -16
2365, -30.0682
2366, 90
2367, 25.5909
2368, -36.5682
2369, 41.5227
2370, -88.2
2371, -21.8636
2372, 104.705
2373, -38.9545
2374, -5.93182
2375, -36.6818
2376, 32.5909
2377, 10.7045
2378, -20.4091
2379, 9.02273
2380, 29.2667
2381, -30.7045
2382, -25.0455
2383, 19.5227
2384, 11.0909
2385, 12.8636
2386, -23.8864
2387, 14.2045
2388, 36.8864
2389, -2.93182
2390, -60.5556
2391, 26.5682
2392, -25.4318
2393, 22.3409
2394, 18.1136
2395, -14.1591
2396, 17.7727
2397, -10.0455
2398, 0.681818
2399, -3.29545
2400, 22.0444
2401, -14.9091
2402, -4.97727
2403, -19.9318
2404, 19.6136
2405, 3.54545
2406, 6.52273
2407, -18.6136
2408, 8.15909
2409, 1.38636
2410, 305.511
2411, -387.318
2412, -400.818
2413, 630.068
2414, -28.3409
2415, -147.25
2416, 84.3409
2417, -75.1818
2418, -122.409
2419, 196.091
2420, 38.0667
2421, -155.727
2422, 78.5455
2423, -76.5
2424, -41.5909
2425, 159.773
2426, -134.273
2427, 19.7955
2428, 27.9318
2429, 65.8636
2430, -8.88889
2431, -47.4545
2432, -4.34091
2433, -15.6818
2434, -21.5682
2435, 91.1591
2436, -46.5909
2437, -4.27273
2438, -9.93182
2439, -15.0682
2440, 19.0889
2441, 27.9545
2442, -30.5
2443, 0.886364
2444, 6.45455
2445, -25.6364
2446, 40.1818
2447, -6.43182
2448, -21.4091
2449, 42.5556
2450, -55.7273
2451, 69.6818
2452, -0.431818
2453, -81.3864
2454, 74.4091
2455, -40.9318
2456, 10.6136
2457, 19
2458, -47.9318
2459, 38.4545
2460, -1.93333
2461, 9.97727
2462, -20.7273
2463, 17.9091
2464, -28.6136
2465, 23.5909
2466, -19.7273
2467, 4.88636
2468, 60.4545
2469, -429.556
2470, 746.295
2471, -320.318
2472, -565.568
2473, 669.795
2474, -128.136
2475, -25.7727
2476, 93.7955
2477, -113.545
2478, -107.727
2479, 191.591
2480, 35.9556
2481, -196.682
2482, 148.432
2483, -36.2045
2484, -80.5227
2485, 122.523
2486, -114.75
2487, 60.6364
2488, -0.840909
2489, 36.4667
2490, -8.11364
2491, -34.7955
2492, 32
2493, -106.114
2494, 68
2495, 58.7727
2496, -45.75
2497, -27.75
2498, 20.0909
2499, -21.1818
2500, 28.5556
2501, -4.02273
2502, -36.9773
2503, 47.8409
2504, -9.79545
2505, -8.11364
2506, -30.6591
2507, 36.1591
2508, 32.5455
2509, -35.3864
2510, 2.4
2511, 34.4545
2512, -7.88636
2513, -56.9318
2514, 42.8409
2515, -13.75
2516, 25.0909
2517, -6.29545
2518, -35.5
2519, 20.5682
2520, 4.77778
2521, 15.6591
2522, -9.86364
2523, 21.1364
2524, -19.9318
2525, 0.636364
2526, -459.409
2527, 799.659
2528, -387.591
2529, -458.409
2530, 612.511
2531, -87.8864
2532, -33.1136
2533, 32.8636
2534, -215.568
2535, 111.5
2536, 204.864
2537, -18
2538, -217.841
2539, 70.0909
2540, 15.2222
2541, -16.0909
2542, 132.295
2543, -74.5227
2544, -41.2045
2545, 19.75
2546, 9.70455
2547, 31.1818
2548, -43.9773
2549, -2.72727
2550, -39.8444
2551, 48.75
2552, 53.5
2553, -56.2955
2554, 12.1591
2555, -13.7955
2556, -11.0682
2557, 53.8864
2558, -44.0909
2559, -39.7045
2560, 45.0667
2561, 1.34091
2562, 11.0909
2563, -8.59091
2564, -0.772727
2565, -0.25
2566, -18.7045
2567, 20.3864
2568, -13.0909
2569, 12.5
2570, 2.91111
2571, 6.22727
2572, -16.7045
2573, 13.1818
2574, -14.0455
2575, -9.40909
2576, -2.38636
2577, -13.5227
2578, 48.1591
2579, -47.4318
2580, -214.467
2581, 627.432
2582, -535.023
2583, -295.5
2584, 576.318
2585, -132.273
2586, -11.6818
2587, 32.8864
2588, -137.5
2589, 137.977
2590, 62.7333
2591, 17.5682
2592, -202.864
2593, 19.7045
2594, 61.75
2595, 30.6818
2596, 38.25
2597, -55.5682
2598, -24.9545
2599, 26.5682
2600, 11.6444
2601, -16.8409
2602, 16.7955
2603, -52.7727
2604, -4.09091
2605, 86.75
2606, 7.29545
2607, -55.0455
2608, -51.75
2609, 32.3636
2610, 28.7111
2611, 38.4773
2612, -44.8409
2613, -4.47727
2614, 12.5455
2615, -8.13636
2616, 8.40909
2617, 2.90909
2618, -23.6818
2619, 11.2955
2620, 2.46667
2621, 8.63636
2622, -27.4318
2623, 0.181818
2624, 27.5682
2625, 1.93182
2626, -15.25
2627, 10.8409
2628, -18.7727
2629, 17.7045
2630, -5.95556
2631, -393.523
2632, 738.227
2633, -449.114
2634, -306.045
2635, 543.591
2636, -145.205
2637, 12.2727
2638, 64.2273
2639, -152.409
2640, 21.8889
2641, 119
2642, 14.7045
2643, -192.705
2644, 80.7955
2645, 73.2727
2646, 3.06818
2647, -3
2648, -82.2045
2649, 35.9318
2650, 0.866667
2651, 45.8636
2652, -48.5
2653, 3.93182
2654, -6.77273
2655, -11.5455
2656, 25.5682
2657, 35.6591
2658, -42.1364
2659, -5.25
2660, 26.3778
2661, -14.0227
2662, -4.86364
2663, 4.79545
2664, 2.86364
2665, 28.9773
2666, -52.5682
2667, 24.3864
2668, -4.47727
2669, -2.38636
2670, 22.0444
2671, -9.43182
2672, -3.47727
2673, -3.09091
2674, -6.02273
2675, -21.6818
2676, 18.5455
2677, -5.54545
2678, 46.7273
2679, -34.5
2680, 257.2
2681, -300
2682, -371.455
2683, 542.318
2684, -57.25
2685, -81.0227
2686, 47.7727
2687, -37.9773
2688, -98.9545
2689, 119.864
2690, 58.7556
2691, -187.455
2692, 101.091
2693, 0.659091
2694, -60.8636
2695, 132.886
2696, -88.3409
2697, -42.2955
2698, 24.75
2699, 79.2444
2700, -35.0227
2701, -70.0455
2702, 86.8864
2703, -100.318
2704, 22.4545
2705, 75.7955
2706, -22.1818
2707, -10.2045
2708, -40
2709, 19
2710, 36.8444
2711, -14.8182
2712, 9.86364
2713, -19.7045
2714, -9.38636
2715, 8.36364
2716, 23.8409
2717, -18.8409
2718, 17.75
2719, -4.28889
2720, -26.6364
2721, 40.7045
2722, -3.79545
2723, -47.1591
2724, 70.1818
2725, -432.341
2726, 631.5
2727, -212.75
2728, -434.841
2729, 540.568
2730, -148.711
2731, 20.9545
2732, 77.75
2733, -143.659
2734, -2.54545
2735, 125.955
2736, -30.4091
2737, -100.477
2738, 54.8182
2739, 38.6
2740, -68.2955
2741, 103.909
2742, -96.0227
2743, 14.4318
2744, 11.5227
2745, 7
2746, 6
2747, 3.75
2748, 2.43182
2749, -34.3636
2750, -8.73333
2751, 63.2955
2752, -21.8864
2753, 17.6591
2754, -16.5909
2755, 5.18182
2756, -1.29545
2757, -36.3864
2758, -12.3636
2759, 18.6818
2760, 8.66667
2761, 32.5227
2762, -41.8409
2763, 0.886364
2764, 31.4545
2765, -32.6818
2766, 26.4091
2767, 4.84091
2768, -101.045
2769, 286.682
2770, -159
2771, -309.886
2772, 382.25
2773, -56.8409
2774, -50.3182
2775, 15.6364
2776, -62.4545
2777, -23.3636
2778, 61.6591
2779, 72.0227
2780, -109.067
2781, 32.3636
2782, -4.75
2783, -55.1136
2784, 94.1818
2785, -48.8409
2786, -1.88636
2787, 4.31818
2788, 53.6136
2789, -12
2790, -51.8222
2791, 47.5909
2792, -35.8182
2793, -40.5682
2794, 68.6364
2795, -24.2045
2796, 19.2955
2797, -35.1818
2798, 22.6591
2799, -10.25
2800, -21.9111
2801, 45.7727
2802, -13.8182
2803, 10.2273
2804, -0.340909
2805, -15.3409
2806, 11.9773
2807, -11.8182
2808, 11.9773
2809, -210.455
2810, 451.467
2811, -278.568
2812, -327.545
2813, 506.682
2814, -137.273
2815, -47.4091
2816, 78.2955
2817, -127.841
2818, 2.02273
2819, 91.6591
2820, 46.4889
2821, -148.705
2822, 84.1364
2823, -1.34091
2824, -48.7727
2825, 72.2727
2826, -64.3636
2827, 12.3409
2828, 14.5
2829, 42.25
2830, -13.6667
2831, -39.6136
2832, 20.4545
2833, -29.8409
2834, -0.318182
2835, 33.7955
2836, 4.5
2837, -33.8182
2838, 40.8182
2839, -18.4318
2840, -7.48889
2841, 3.97727
2842, -15.9545
2843, 11.3864
2844, 3.02273
2845, -0.954545
2846, -3.70455
2847, 5.20455
2848, -273.205
2849, 479.5
2850, -274.533
2851, -176.841
2852, 384.227
2853, -180.818
2854, 66.5
2855, 4.25
2856, -105.25
2857, 74.5227
2858, 27.5
2859, 10.6364
2860, -83.8667
2861, 49.3636
2862, 16.6364
2863, 12.75
2864, -9.02273
2865, -46.5
2866, 41.5682
2867, -14.9091
2868, 3.34091
2869, 9.04545
2870, -12.2444
2871, -0.590909
2872, -13.5
2873, 17.5682
2874, 9.54545
2875, -27.0455
2876, -14.6591
2877, 13.9545
2878, 13.3409
2879, 39.1818
2880, -29
2881, -21.3409
2882, 16.8409
2883, -9.54545
2884, 105.932
2885, -17.0909
2886, -35.2273
2887, -12.5682
2888, 1.38636
2889, 25.8864
2890, -80.4667
2891, 0.431818
2892, 36.4545
2893, -52.75
2894, 71.9091
2895, -19.1818
2896, -23.0455
2897, -10.4545
2898, 50.25
2899, -68.7727
2900, 51.4222
2901, -11.1818
2902, -43.25
2903, 18.5909
2904, 37.5455
2905, -31.25
2906, -1.72727
2907, 19.3636
2908, -29.6364
2909, 7.70455
2910, 21.8222
2911, -19.1136
2912, 9.84091
2913, -9.22727
2914, 4.95455
2915, -13.5
2916, 19.2273
2917, 4.18182
2918, -40.9318
2919, -65.7955
2920, 202.867
2921, -130.023
2922, -163.455
2923, 219.955
2924, -28.5909
2925, -53.4091
2926, 77.0909
2927, -47.6591
2928, -40.4545
2929, 80.3409
2930, -15.5111
2931, -68.1591
2932, 61.3864
2933, -5.81818
2934, -41.5
2935, 64.5909
2936, -15.8636
2937, -16.75
2938, 3.25
2939, 11.9773
2940, 13.3778
2941, -22.3636
2942, 12.4773
2943, -1.86364
2944, -29.9318
2945, 25.7045
2946, 7.81818
2947, -2.61364
2948, 9.79545
2949, -12.6889
2950, -4.72727
2951, -1.29545
2952, -257.409
2953, 399.114
2954, -131.364
2955, -243.568
2956, 285.773
2957, -59.2045
2958, 18.3182
2959, 2.38636
2960, -51.5111
2961, 45.2955
2962, 42.5
2963, -54.1136
2964, -34.7955
2965, -0.272727
2966, 22.1364
2967, 14.5227
2968, 21.1136
2969, -17.5556
2970, 17.4773
2971, -17.2955
2972, -15.0227
2973, 24.0227
2974, -4.43182
2975, 8.09091
2976, -22.7727
2977, 7.88636
2978, 19
2979, -8
2980, -4.88889
2981, 1.15909
2982, -7.13636
2983, -158.227
2984, 193.455
2985, -71.8864
2986, -128.682
2987, 230.886
2988, -64.5909
2989, 4.5
2990, -7.71111
2991, -18.0227
2992, -3.34091
2993, 51.25
2994, -2.47727
2995, -51.0455
2996, -0.272727
2997, 40.0227
2998, -50.5227
2999, 35.1364
3000, -13.9556
3001, 20.6364
3002, 5.5
3003, -6.81818
3004, -1.20455
3005, -22.8409
3006, 37.5227
3007, -12.6818
3008, -6.18182
3009, 7.36364
3010, -17.5556
3011, 10.0455
3012, 29.2273
3013, -10.5682
3014, 103.091
3015, -146.909
3016, -50.5227
3017, 104.955
3018, -50.9545
3019, 18.0682
3020, 15.2889
3021, -62.4318
3022, 73.0227
3023, -17.3864
3024, -9.06818
3025, -0.181818
3026, 15.3864
3027, -26.6136
3028, 37.6591
3029, -24.9091
3030, -19.0222
3031, 15.1818
3032, 7.84091
3033, 3.31818
3034, -10.7273
3035, 12.2273
3036, -13.0227
3037, 2.40909
3038, 7.70455
3039, -6.04545
3040, -26.2889
3041, -21.3636
3042, 159.114
3043, -125.636
3044, -66.3182
3045, 119.545
3046, -42.5
3047, 14.0227
3048, -14.0909
3049, -40.5227
3050, 50.0889
3051, -4.93182
3052, 3.75
3053, -29.7273
3054, 20.2045
3055, -2.09091
3056, -0.727273
3057, 28.6591
3058, -30.0227
3059, -3.63636
3060, 19.1111
3061, -8.65909
3062, -4.61364
3063, -3.47727
3064, -2.34091
3065, -3.43182
3066, -1.22727
3067, 78.7727
3068, 16.9318
3069, -105.159
3070, -20.2444
3071, 84.1136
3072, -35.5909
3073, -24.4545
3074, 24.2273
3075, 17.7727
3076, -39.6136
3077, 42.7045
3078, -24.1591
3079, -24.2727
3080, 23.2889
3081, 14.5909
3082, -27.0682
3083, 11.6591
3084, -6.18182
3085, -10.3864
3086, 11.0909
3087, -2.70455
3088, 12.2273
3089, -8.27273
3090, 0.0222222
3091, 5.04545
3092, -2.56818
3093, 28.6136
3094, 36.4318
3095, -88.0909
3096, 12.5455
3097, 48.6818
3098, -69.3409
3099, 20.1364
3100, 17.9556
3101, -49.1818
3102, 84.2045
3103, -19.9318
3104, -26.5455
3105, -17.3636
3106, 16.8409
3107, 12
3108, -5.72727
3109, 11.0909
3110, -13.6222
3111, -14.0455
3112, 37.9091
3113, -28.7955
3114, -16.25
3115, 15.4318
3116, 29.3864
3117, 21.3864
3118, 12.4091
3119, -67
3120, -1.73333
3121, 33.1818
3122, -25.8182
3123, 6.15909
3124, 2.34091
3125, -19
3126, 39.2045
3127, -9.88636
3128, 8.70455
3129, -23.0227
3130, 8.84444
3131, -19.6136
3132, 8.88636
3133, -8.5
3134, 2.06818
3135, 11.1136
3136, 4.43182
3137, 15.75
3138, -6.40909
3139, -20.9773
3140, 33.8667
3141, -53.3409
3142, -22.1364
3143, 85.3182
3144, -24.5682
3145, -31.5909
3146, 13.5
3147, -20.1591
3148, 11.4091
3149, 38.4773
3150, -17.3111
3151, -18.5
3152, -1.52273
3153, -3.02273
3154, 1.02273
3155, 13.0455
3156, -2.29545
3157, 1.45455
3158, 12.4091
3159, -6.54545
3160, -36.0222
3161, -16.4545
3162, 136.295
3163, -97.1136
3164, -54.3864
3165, 83.0682
3166, -38.4091
3167, 6.38636
3168, 27.4318
3169, -38.5455
3170, 16.5333
3171, 14.0455
3172, 3.70455
3173, -29.0909
3174, 12.3864
3175, 8.56818
3176, -10.6364
3177, 18.3636
3178, -6.59091
3179, 5.29545
3180, -22.3556
3181, -19.3636
3182, 92.5909
3183, -78.8182
3184, -46
3185, 79.5
3186, 5.04545
3187, -5.88636
3188, -12.1364
3189, -1.38636
3190, -3.31111
3191, 7.61364
3192, 3.13636
3193, -14.3864
3194, 7.56818
3195, 0.863636
3196, -2.38636
3197, 9.59091
3198, -11.6591
3199, -2.20455
3200, 29.8889
3201, 20
3202, -11.75
3203, -44.8182
3204, 8
3205, 17
3206, -17.1136
3207, 15.9318
3208, -10.3864
3209, -6.45455
3210, 19.8667
3211, -8.95455
3212, -11.3409
3213, 1.90909
3214, 8.02273
3215, -1.93182
3216, 6.70455
3217, -16.0682
3218, -38.2955
3219, -14.9545
3220, 104.733
3221, -52.2955
3222, -36.2955
3223, 57.1136
3224, -16.6364
3225, -17.9318
3226, 28.75
3227, -34.9545
3228, 7.04545
3229, 31.6364
3230, 4.86667
3231, -35.7273
3232, 8.5
3233, 0.454545
3234, 14.6364
3235, 13.75
3236, -53.5682
3237, 69.9091
3238, -49.6818
3239, -36.7955
3240, 75.3556
3241, -34.1591
3242, 10.6364
3243, -1.63636
3244, -11.4091
3245, 11.6364
3246, 4.54545
3247, -13.4545
3248, -4.5
3249, 2.81818
3250, 8.42222
3251, -1.5
3252, 12.9545
3253, -9.84091
3254, 25.9545
3255, -39.7273
3256, 8.90909
3257, 20.9091
3258, -16.9545
3259, 5.36364
3260, -12.3111
3261, -13.6818
3262, 29.8864
3263, -9.65909
3264, -2.56818
3265, -1.56818
3266, 16.2045
3267, -9.18182
3268, -12.5455
3269, 22.3409
3270, -26.4667
3271, -15.3864
3272, 38.3182
3273, -2.02273
3274, -4.04545
3275, 0.227273
3276, -8.95455
3277, -13.1364
3278, 15.4318
3279, 5.38636
3280, -17.6444
3281, 10.6591
3282, -6.86364
3283, -43.2955
3284, 84.5
3285, -28.4773
3286, -48.6364
3287, 52.5
3288, -9.04545
3289, 0.0227273
3290, 14.0444
3291, -8.68182
3292, -3.22727
3293, -9.52273
3294, 11.1818
3295, -17.2727
3296, 8.18182
3297, -23.75
3298, 51.9773
3299, -24.3636
3300, -35.4
3301, 41.7045
3302, -0.5
3303, 4.29545
3304, 1.97727
3305, -19.7955
3306, 4.11364
3307, 7.02273
3308, 5.43182
3309, -11.75
3310, -8.31111
3311, 41.6136
3312, -23.8636
3313, -18.3182
3314, 16.3636
3315, -1.31818
3316, -2.43182
3317, 6.43182
3318, 11.5227
3319, -14.0909
3320, -0.266667
3321, -3.27273
3322, 12.0227
3323, 4.59091
3324, 15.4091
3325, -38
3326, -0.0909091
3327, 15.0682
3328, -7.20455
3329, 4.70455
3330, 2.93333
3331, -10.4545
3332, 6.5
3333, -2.04545
3334, -2.40909
3335, 5.5
3336, 7.75
3337, -28.6136
3338, 34.4318
3339, -11.7045
3340, -9.75556
3341, 10.0909
3342, 4.11364
3343, -19.6136
3344, 9.65909
3345, -10.8864
3346, 21.0227
3347, -18.4318
3348, -21.6136
3349, 40.2045
3350, 0
3351, -9.70455
3352, 6.61364
3353, -14.8182
3354, -2.34091
3355, 17.9091
3356, 5.95455
3357, -0.318182
3358, -21.4318
3359, -0.113636
3360, 10.2222
3361, -2.06818
3362, 12.9318
3363, -5.90909
3364, -18
3365, -11.25
3366, 40.1591
3367, -18.1591
3368, -14.9773
3369, 19.1136
3370, -6.48889
3371, 10.9091
3372, 0.136364
3373, -16.8864
3374, -10.0682
3375, 30.4545
3376, -9.81818
3377, -9
3378, 22.9091
3379, -18.8182
3380, -8.46667
3381, 12.1818
3382, -18.8409
3383, 30.8409
3384, -5.27273
3385, -24.8864
3386, 15.6591
3387, 8.97727
3388, -0.0454545
3389, -2.86364
3390, 7.82222
3391, -5.86364
3392, -14.9545
3393, 15.9773
3394, -7.93182
3395, 5.43182
3396, -2.31818
3397, 4.34091
3398, -11.2955
3399, -2.93182
3400, 20.8889
3401, -16.1136
3402, -1.97727
3403, 5.86364
3404, 18.8864
3405, -16.5455
3406, -18.7727
3407, 14.1591
3408, -0.681818
3409, 5.34091
3410, 15.6
3411, -33.1136
3412, 8.31818
3413, 21.2955
3414, -19.8409
3415, -1.84091
3416, 8.29545
3417, -15.2045
3418, 13.0455
3419, 11.6364
3420, -17.0667
3421, 10.3636
3422, -6.52273
3423, -4.52273
3424, 11.8409
3425, -4.34091
3426, 0.954545
3427, -7.15909
3428, -2.20455
3429, 10.6591
3430, 6.86667
3431, -5.93182
3432, -17.2273
3433, 2.27273
3434, 23.8182
3435, -10.1136
3436, -7.93182
3437, 8.25
3438, 1.54545
3439, -11.2273
3440, 6.35556
3441, 0.636364
3442, -1.09091
3443, -4.86364
3444, -2.27273
3445, 17.5909
3446, -13.4545
3447, -4.38636
3448, 10.2955
3449, -11.2045
3450, 0.577778
3451, 18.4773
3452, -13.1818
3453, 4.13636
3454, -4.18182
3455, -4.97727
3456, 9.43182
3457, -2.75
3458, 11.5
3459, -12.7273
3460, -3.73333
3461, 5.54545
3462, 1.22727
3463, 3.61364
3464, -3.75
3465, -4.79545
3466, 1.38636
3467, -0.704545
3468, 8.13636
3469, -4.09091
3470, 2.46667
3471, 1.27273
3472, -6.31818
3473, -3.84091
3474, 0.295455
3475, 2.59091
3476, 3.36364
3477, 6.63636
3478, -1.36364
3479, -5.15909
3480, -1.24444
3481, -7.06818
3482, 4.20455
3483, 2.88636
3484, -0.295455
3485, -0.113636
3486, 4.47727
3487, 0.272727
3488, 0.386364
3489, -4.18182
3490, -2.06667
3491, 3.25
3492, -1.04545
3493, -4.52273
3494, -0.727273
3495, 6.59091
3496, 5.52273
3497, 0.204545
3498, -7.06818
3499, -3.06818
3500, -6.33333
3501, 4.02273
3502, 2.77273
3503, 4
3504, 1.68182
3505, 2.31818
3506, -0.409091
3507, -6.72727
3508, -1.29545
3509, 2.45455
3510, -2.13333
3511, 2.68182
3512, 2.84091
3513, 3.13636
3514, -5.88636
3515, 0.409091
3516, -3.25
3517, -1.15909
3518, 4.04545
3519, -3.52273
3520, 3.55556
3521, 0.0227273
3522, 0.818182
3523, 4.59091
3524, 0.409091
3525, -7.95455
3526, -2.79545
3527, 3.18182
3528, 5.13636
3529, 0.454545
3530, 0.0666667
3531, -2.75
3532, -5.25
3533, 1.81818
3534, 2.77273
3535, -0.159091
3536, -1.95455
3537, 3.43182
3538, 0.818182
3539, -0.863636
3540, -6.86667
3541, 3.22727
3542, -1.15909
3543, 4.11364
3544, 5.18182
3545, -2.79545
3546, -2.36364
3547, -4.93182
3548, 1.11364
3549, 0.340909
3550, 0.955556
3551, 5.54545
3552, 0.295455
3553, -5.09091
3554, -1.56818
3555, -1.20455
3556, 3.06818
3557, 6.54545
3558, 0.522727
3559, -10.1136
3560, -5.82222
3561, 9.45455
3562, 4.22727
3563, -1.31818
3564, 1
3565, -3.09091
3566, -1.29545
3567, 4.25
3568, -5.63636
3569, -2.54545
3570, -2.66667
3571, 5.47727
3572, 4.02273
3573, 1.54545
3574, -1.63636
3575, -2.22727
3576, 1.38636
3577, 1.86364
3578, -1.79545
3579, -2.75
3580, -0.822222
3581, -1.02273
3582, 4.36364
3583, 2.09091
3584, -1.77273
3585, -2.20455
3586, 0.204545
3587, -2.59091
3588, 3.15909
3589, 5.25
3590, -5.42222
3591, 1.09091
3592, 2.13636
3593, -0.840909
3594, -0.75
3595, -2.22727
3596, -2.04545
3597, 2.45455
3598, 2.97727
3599, -0.795455
3600, -2.26667
3601, -0.0454545
3602, 0.113636
3603, 2.81818
3604, -2
3605, -0.181818
3606, 3.79545
3607, -9.52273
3608, 1.2439
