time, mean, SD
0, -0.666667, 3.52767
1, 2.86364, 1.35832
2, 2.06818, 1.92351
3, -2.36364, 1.6527
4, 0.818182, 1.79991
5, -2.5, 1.19659
6, 3.93182, 1.82654
7, -2.11364, 2.78156
8, -2.15909, 1.5067
9, 0.704545, 4.7029
10, 3.95556, 2.75645
11, 0.613636, 4.21154
12, -4.75, 2.64682
13, 0.431818, 1.4045
14, 1.13636, 1.64581
15, -0.590909, 1.41932
16, -0.318182, 2.38149
17, -2.56818, 1.37176
18, 0.954545, 1.50687
19, 3.59091, 1.48199
20, 1.57778, 1.22
21, 2.27273, 3.16489
22, -6.09091, 1.48963
23, -4.52273, 2.536
24, 5.68182, 2.73673
25, 3.18182, 3.73724
26, -5.34091, 2.10997
27, 1.45455, 2.08299
28, 1.29545, 2.52784
29, -0.0454545, 1.06503
30, 1.28889, 2.31538
31, -2.22727, 2.05453
32, -0.931818, 1.26846
33, -0.840909, 1.29585
34, 0.227273, 2.15178
35, 2.36364, 1.26295
36, -1.93182, 2.70015
37, 0.0909091, 2.00928
38, 1.65909, 2.65384
39, -3.18182, 2.94088
40, 4.37778, 2.35031
41, 0.227273, 2.08745
42, -3.29545, 1.057
43, -2.31818, 1.27516
44, 3.63636, 2.03482
45, 2.90909, 2.37236
46, 0.659091, 5.62035
47, -2.54545, 5.18939
48, -4.72727, 3.42692
49, -0.431818, 1.77607
50, 3.48889, 2.72129
51, -0.340909, 2.93058
52, 2.70455, 2.34113
53, -0.681818, 2.33328
54, -1.97727, 1.19637
55, 1.47727, 2.14782
56, -0.704545, 2.64214
57, -2.13636, 1.86585
58, 1.18182, 1.31897
59, 2.40909, 3.58861
60, 2.64444, 2.73378
61, -3.09091, 1.41129
62, -2.5, 1.46938
63, -0.863636, 2.36057
64, 2.43182, 2.16792
65, -1.79545, 1.92566
66, 1.38636, 1.76089
67, -0.568182, 1.55794
68, -1, 3.34392
69, 3.6, 1.10353
70, 1.13636, 1.45526
71, -3.61364, 1.8367
72, -1.38636, 2.83016
73, 3.18182, 1.55611
74, 1.20455, 1.27171
75, -3.15909, 2.39263
76, -1.61364, 1.78651
77, 1.81818, 1.02852
78, 2.61364, 2.1555
79, 3.34091, 2.09917
80, -4.8, 2.54384
81, -4.72727, 2.1988
82, -2.09091, 2.83499
83, 6.72727, 2.12521
84, 4.25, 1.3505
85, -0.318182, 2.29399
86, -5.5, 1.09752
87, 0, 2.16375
88, -1.65909, 1.53657
89, 1.18182, 1.91017
90, -0.288889, 1.24047
91, -0.909091, 2.57451
92, 5.86364, 1.84133
93, 1.47727, 2.3692
94, -4.72727, 1.96981
95, 2.77273, 2.56607
96, -1.5, 1.92472
97, -1.93182, 1.4365
98, -3.02273, 2.44474
99, 4.54545, 1.98236
100, 0.622222, 1.58169
101, -0.613636, 1.77375
102, 0.977273, 1.35661
103, -1.65909, 1.85795
104, 3, 2.14264
105, -1.86364, 3.04206
106, -1.31818, 2.62655
107, -2.40909, 2.77422
108, -2.43182, 2.17838
109, 4.72727, 2.57049
110, 2.71111, 3.40993
111, -4.72727, 2.46211
112, 5.29545, 2.41755
113, 1.65909, 2.48581
114, -5.36364, 2.35576
115, 0.931818, 2.06043
116, -0.136364, 1.58961
117, 0.0227273, 1.46921
118, -0.204545, 2.40813
119, 0.204545, 1.1981
120, -0.111111, 2.00247
121, -0.5, 2.4168
122, -1.68182, 6.99276
123, 6.84091, 11.0391
124, 18.3409, 16.6814
125, -13.25, 22.4875
126, 182.523, 1149.97
127, -232.568, 6990.44
128, 1512.18, 7560.49
129, -2223.75, 4619.17
130, 484.356, 3739.93
131, 1256.64, 1383.13
132, -983.955, 932.12
133, 42.75, 784.508
134, 390.364, 874.845
135, -769.432, 723.935
136, 515.205, 738.653
137, 54.0455, 3783.04
138, 0.659091, 2240.3
139, -426.222, 1258.24
140, 665.545, 1696.84
141, -587.568, 1634.54
142, 385.25, 1415.63
143, -16.7955, 612.283
144, -509.545, 487.917
145, 252.977, 848.41
146, 281.705, 705.967
147, -236.227, 733.877
148, 20.9318, 1204.21
149, 66.7955, 1220.91
150, -147.067, 799.029
151, -28.0682, 843.5
152, 143.25, 615.476
153, -71.2727, 807.031
154, 6.56818, 595.241
155, -124.636, 753.359
156, 203.591, 905.338
157, -170.841, 738.377
158, 67.0455, 703.416
159, 169.045, 784.253
160, -81.0444, 711.556
161, 23.4773, 590.871
162, -81.7727, 835.411
163, 91.8864, 548.656
164, -100.045, 467.899
165, -46.7955, 713.296
166, 218.568, 556.241
167, -363.727, 579.854
168, 399.636, 505.711
169, -126.667, 483.828
170, -198.432, 825.626
171, 241.455, 749.601
172, -31.7727, 744.324
173, -123.659, 746.775
174, 71.6818, 561.771
175, 51.6591, 588.635
176, -43.4773, 527.38
177, 11.3182, 601.097
178, -81.3864, 678.526
179, 27.5455, 533.719
180, 31.2, 469.41
181, 18.4318, 433.707
182, 1.54545, 596.586
183, -17.8409, 423.084
184, -111.886, 353.579
185, 178.068, 415.425
186, -147.614, 552.238
187, 76.4545, 499.762
188, 22.7955, 373.164
189, 14.2727, 464.47
190, -50.0667, 475.01
191, 19.3636, 266.005
192, 7.70455, 371.392
193, 56.5455, 354.196
194, -60.3182, 295.027
195, 47.9545, 332.88
196, -21.7955, 451.107
197, -55.5, 505.24
198, 155.659, 438.077
199, -168.568, 387.8
200, 72.2889, 439.327
201, -51.0455, 408.051
202, 7.25, 291.263
203, 83.8864, 382.199
204, -53.1818, 428.61
205, -100.023, 350.529
206, 108.477, 429.376
207, 24.6591, 367.574
208, -25.6591, 389.825
209, -50.8409, 273.845
210, 18.7556, 374.659
211, 34.6818, 273.834
212, -21.75, 248.385
213, -14, 256.608
214, 15.8182, 264.928
215, -44, 321.164
216, 72.1818, 270.585
217, -49.3864, 206.997
218, 13.4318, 169.034
219, -47.5455, 210.468
220, 74.8667, 175.93
221, -8.90909, 242.66
222, -59.9318, 317.896
223, 53.25, 323.794
224, -15.2727, 363.408
225, -24.5455, 186.241
226, 9.72727, 210.841
227, 33.3864, 254.993
228, 21.7955, 246.988
229, -60.6364, 286.34
230, 41.9111, 192.733
231, -32.1136, 213.134
232, -30.1136, 202.369
233, 21.1364, 249.246
234, 48.6818, 165.153
235, -42.1591, 165.965
236, 3.52273, 124.006
237, 65.2045, 231.375
238, -77.8636, 251.027
239, 40.2727, 249.623
240, -7.13333, 167.177
241, -9.15909, 177.922
242, 14.7273, 117.562
243, 0.409091, 143.988
244, 4.22727, 194.86
245, 0.818182, 190.615
246, -40.0227, 125.35
247, 35.0227, 115.833
248, -1.04545, 211.768
249, -10.1364, 183.017
250, 11.9778, 171.777
251, -26.7273, 128.01
252, -14.0682, 144.819
253, 18.3182, 146.534
254, 4.11364, 196.129
255, 0.977273, 123.122
256, -2.43182, 177.402
257, -3.63636, 72.919
258, -13.6364, 133.062
259, 17.3636, 99.3186
260, 45.5111, 167.476
261, -34.8636, 146.082
262, 6.65909, 115.473
263, -4.29545, 101.991
264, -7, 135.72
265, 25.9091, 119.467
266, -14.5, 151.697
267, 1.02273, 120.606
268, 8.45455, 125.483
269, -39.9091, 99.013
270, -16.2, 110.238
271, 55.5, 55.0807
272, -23.3864, 114.212
273, 14.1818, 119.693
274, -0.818182, 152.83
275, -14.0682, 95.2061
276, -1.54545, 50.4568
277, 35.8182, 121.063
278, -11.4773, 151.81
279, -42.1778, 103.539
280, 33.9091, 84.581
281, -12.5909, 85.6484
282, -13.7727, 93.3062
283, 1.11364, 77.3414
284, 17.75, 56.8351
285, -14.9545, 136.161
286, 20.8182, 90.578
287, -4.59091, 84.1258
288, 0.159091, 97.785
289, -17.7045, 92.2318
290, 4.75556, 91.4032
291, 10.5682, 65.668
292, -3.75, 74.0887
293, 10.4318, 72.1275
294, -19.3864, 77.3966
295, -7.25, 56.7511
296, 1.09091, 73.0062
297, 5.56818, 43.4011
298, 9.70455, 112.541
299, 6.93182, 43.0372
300, -1.95556, 73.4381
301, 1.06818, 88.4535
302, 7.20455, 80.0229
303, -17.9545, 50.7041
304, 3.02273, 82.4352
305, 3.52273, 63.0532
306, -22.3636, 50.5673
307, 14.6364, 59.4555
308, 18.2727, 52.5333
309, -5.79545, 57.0895
310, 0.622222, 54.446
311, -24.1364, 52.9368
312, 4.09091, 118.041
313, 0.931818, 78.0083
314, -838.477, 3910.2
315, 2042.05, 7035.71
316, -857.864, 6219.72
317, -1710.14, 3809.69
318, 1768.32, 3157.18
319, -199.068, 1584.3
320, -412.933, 760.87
321, 691.795, 601.855
322, -571.136, 855.694
323, -131.773, 705.97
324, 356.545, 2404.03
325, 106.159, 3942.5
326, -383.773, 1362.28
327, 48.9545, 1744.56
328, -14.8409, 1772.46
329, -220.295, 1580.61
330, 687.244, 1047.96
331, -353.364, 622.933
332, -1.79545, 819.991
333, -100.409, 703.385
334, 235.955, 674.223
335, 141.182, 901.104
336, -358.841, 1363.5
337, 218.795, 1035.55
338, -187.273, 898.684
339, 53.6444, 685.319
340, 246.5, 476.901
341, -214.841, 682.731
342, 16.2045, 509.99
343, -56.8409, 734.866
344, 20.3864, 944.425
345, 55, 698.784
346, -43.0455, 819.541
347, -60.5682, 850.508
348, 119.114, 575.426
349, -29.5227, 763.381
350, -63.9333, 640.497
351, 75.6364, 473.753
352, -148.568, 596.657
353, 159.932, 685.47
354, -32.5, 581.722
355, -74.5455, 677.816
356, 203.523, 477.083
357, -15.4773, 593.918
358, -267.591, 792.441
359, 370.523, 677.632
360, -287.156, 753.003
361, -7.65909, 681.031
362, 66.3409, 555.551
363, 39.9091, 551.794
364, -62.0227, 546.011
365, 30.4773, 539.449
366, 89.4091, 658.937
367, -68.7955, 353.57
368, 31.3636, 431.581
369, 98.5227, 484.766
370, -86.9333, 441.034
371, -78.8409, 376.552
372, 58.0227, 412.883
373, 20.1136, 420.744
374, -74.7727, 526.741
375, 23.5227, 349.116
376, 58.6591, 379.205
377, -71.25, 437.349
378, 19.3864, 441.522
379, -39.0455, 213.399
380, 35.1111, 407.736
381, -63.0455, 346.756
382, 98.2273, 290.962
383, -94.25, 307.875
384, 116.114, 383.131
385, -111.636, 342.174
386, -7.68182, 514.501
387, 100.932, 362.2
388, 9.29545, 305.785
389, -46.1818, 363.25
390, -31.0889, 351.106
391, -28.8636, 363.569
392, 97.25, 446.479
393, -5.77273, 368.672
394, -91.25, 415.671
395, 19.1364, 344.293
396, 79.6818, 345.966
397, -76.6364, 315.177
398, 21.0682, 376.929
399, 67.2273, 193.628
400, -70.4, 265.452
401, 38, 299.234
402, -61.8182, 307.906
403, 50.5682, 288.155
404, 9.09091, 284.7
405, -11.9318, 190.079
406, 12, 178.388
407, -31.5682, 172.365
408, -12.7045, 201.997
409, 65.0909, 247.112
410, -58.9333, 360.144
411, 40.1818, 313.565
412, 9.38636, 266.528
413, -25.6364, 158.247
414, 32.3409, 209.419
415, -40.6364, 210.261
416, -78.2273, 287.549
417, 96.5909, 219.064
418, 10.6364, 213.071
419, 3.34091, 211.839
420, 34.6222, 205.244
421, -75.6818, 156.634
422, 9.68182, 195.072
423, -5.11364, 144.711
424, -5.18182, 122.511
425, 29.3182, 282.666
426, -50.2727, 204.252
427, 54.0909, 227.388
428, -37.3864, 155.072
429, 14.0909, 168.312
430, -6.68889, 108.533
431, -9.18182, 164.185
432, -2.95455, 198.628
433, 51.5, 149.794
434, 7.88636, 142.223
435, -80.9318, 150.548
436, 62.9091, 198.914
437, -31.4318, 136.14
438, -0.25, 195.57
439, 21.7045, 111.712
440, -4.53333, 161.892
441, 75.9773, 138.369
442, -114.977, 143.004
443, 53.8409, 135.421
444, -6.18182, 131.105
445, 0.590909, 113.417
446, -22.9545, 101.968
447, -24.9545, 98.9463
448, 29.2955, 171.723
449, -2.29545, 107.806
450, 11.0889, 114.391
451, -3.90909, 117.493
452, -11.9318, 97.2128
453, -11.5227, 147.135
454, 15.8182, 128.589
455, -4.84091, 123.004
456, 6.86364, 113.172
457, 29.0682, 76.9638
458, -26.4773, 96.3138
459, 13.3864, 79.4896
460, 7.55556, 98.9821
461, -60.5455, 128.256
462, 79.8864, 103.013
463, -37.5909, 83.3981
464, -29.9091, 67.3049
465, 5.93182, 118.238
466, 19.5909, 97.1726
467, 12.8864, 65.1782
468, 14.7727, 60.0726
469, -5.11364, 69.2896
470, -22.5111, 63.9815
471, 2.56818, 68.7183
472, 27.0227, 101.668
473, -36.0682, 97.0687
474, 10.6136, 94.1433
475, -7.52273, 63.8185
476, 8.47727, 74.3773
477, 5.06818, 82.9294
478, 16.8182, 87.8007
479, -17.2045, 71.7539
480, -18.8889, 51.9484
481, 21.7273, 76.1023
482, 15.2955, 60.0267
483, -0.5, 63.2899
484, -12.8182, 42.4217
485, -2.38636, 59.4709
486, -16.7273, 105.604
487, 17.0682, 31.8044
488, 3.61364, 92.3054
489, -38.3636, 105.495
490, -48.9333, 402.272
491, -793.886, 6318.25
492, 2900.5, 9023.46
493, -2378.89, 5556.91
494, -936.977, 3062.34
495, 1840.61, 1807.85
496, -433.773, 1343.42
497, -150.295, 879.84
498, 497.136, 577.536
499, -721.136, 667.529
500, 222, 662.773
501, 482.841, 3392.74
502, -347.977, 2606.7
503, -513.136, 1386.36
504, 245.091, 1089.58
505, 60.7727, 2041.92
506, 100.614, 1549.36
507, 265.955, 860.443
508, -481.773, 690.911
509, 269.273, 891.491
510, -32.3333, 606.816
511, -50.6818, 633.954
512, 16.0227, 1529.53
513, -106.25, 1494.73
514, 120.614, 1019.04
515, -173.227, 657.942
516, 223.568, 779.416
517, 122.636, 409.728
518, -254.455, 656.926
519, -117.318, 705.398
520, 235.467, 762.017
521, -90.2727, 653.704
522, 26.9773, 484.749
523, -16.3864, 963.38
524, 19.3864, 844.91
525, 126.477, 975.629
526, -42.3409, 1258.42
527, -65.7273, 916.414
528, 11.5, 576.543
529, -136.455, 768.387
530, 232.022, 657.551
531, -100.614, 623.055
532, 79.9773, 781.89
533, -100.182, 569.593
534, -138.659, 603.802
535, 46.75, 832.889
536, 49.7045, 701.783
537, 38.3864, 760.581
538, -4.34091, 720.724
539, -8.54545, 559.145
540, 16.2222, 686.847
541, 33.0682, 538.786
542, -258, 668.587
543, 232.205, 523.465
544, -56.75, 533.513
545, 12.7045, 584.543
546, 79.6818, 459.735
547, -63.75, 457.997
548, -76.5227, 381.759
549, 134.133, 485.716
550, -63.1364, 435.674
551, -35.2955, 421.485
552, 24.2045, 453.985
553, -15.3636, 501.887
554, 89.7955, 514.894
555, -57.7727, 444.755
556, 27.5227, 360.605
557, -86.6818, 465.623
558, 66.0682, 417.564
559, 21.5556, 269.518
560, -22.8864, 315.809
561, -71.5909, 491.397
562, 59.1818, 385.712
563, -85.5909, 421.093
564, 87.2955, 434.455
565, -12.8864, 391.912
566, 1.18182, 330.642
567, 7.45455, 350.79
568, -64.9773, 365.293
569, 69.1364, 376.966
570, 110.222, 434.242
571, -129.523, 318.531
572, 48.3182, 349.086
573, -73.0909, 360.068
574, -22.5682, 355.602
575, 128.341, 277.352
576, 2.18182, 215.279
577, -126.773, 265.959
578, 83.75, 277.891
579, -43.8409, 285.282
580, -10.2, 317.439
581, 45.5455, 340.53
582, -21.9091, 250.108
583, 13.7955, 275.497
584, 15.1591, 202.683
585, 11.3636, 242.801
586, -73.0227, 335.913
587, 40.5227, 335.194
588, -35.0455, 319.008
589, 31.5, 241.461
590, 16.2, 201.139
591, 2.65909, 283.419
592, -12.3864, 194.757
593, 5.84091, 333.094
594, 5.5, 256.845
595, -47.9091, 240.21
596, 26.2045, 242.069
597, 2.22727, 280.152
598, 31.7045, 159.462
599, -21.4545, 169.929
600, 11.8444, 146.854
601, 44.25, 223.072
602, -64.4091, 241.891
603, -19.9545, 246.095
604, 28.9091, 189.196
605, -43.0682, 120.956
606, 32.9318, 155.676
607, 2.77273, 174.351
608, 29.7955, 147.63
609, -53.5682, 164.486
610, 33.6, 151.414
611, 26.75, 169.036
612, -67.8864, 165.585
613, 33.9091, 220.553
614, -45.6591, 161.468
615, 76.0682, 190.884
616, -20.9773, 142.173
617, -22.8864, 139.864
618, 19.5682, 180.751
619, -4.15909, 141.046
620, 16.3556, 191.386
621, -14.3409, 92.7617
622, -34.7727, 169.763
623, 21.8182, 144.701
624, -2.52273, 107.667
625, 14.2045, 200.991
626, -3.86364, 137.451
627, -8.90909, 109.072
628, 11.4545, 154.267
629, 13.4091, 128.54
630, -37.1333, 135.16
631, -16.7727, 106.283
632, 60.1591, 160.442
633, -5.43182, 96.1373
634, 5.5, 98.3793
635, 6.38636, 105.166
636, -24.9545, 98.895
637, -19.0909, 122.849
638, 23.5, 171.219
639, -0.0454545, 88.0372
640, -14.2667, 98.5058
641, 15.9545, 91.5451
642, -10.0227, 121.518
643, -1.15909, 118.764
644, -4.31818, 56.0044
645, -0.886364, 58.8605
646, 10.9318, 86.2492
647, -15.3864, 64.1345
648, 21.7727, 59.2279
649, 26.8864, 131.925
650, -36.9111, 92.7182
651, 1.90909, 86.4275
652, 25.5455, 85.619
653, -54.1364, 77.3644
654, 55.6136, 61.6195
655, -9, 92.0563
656, -49.6591, 101.068
657, -862.432, 3727.34
658, 2017.11, 6802.2
659, -827.295, 6350.39
660, -1726.98, 2421.98
661, 1824.89, 1824.02
662, -286.114, 1306.81
663, -288.773, 574.382
664, 606.682, 597.156
665, -480.591, 701.81
666, -144.091, 653.086
667, 310.773, 2218.5
668, 53.7727, 3383.76
669, -336.727, 1922
670, 80.3111, 1077.5
671, -35.7727, 1737.46
672, -91.0227, 1291.73
673, 505.568, 1198.57
674, -288.318, 950.634
675, 3.63636, 826.738
676, -52.6136, 484.205
677, 196.705, 628.468
678, 96.0227, 1113.52
679, -272.689, 1311.55
680, 231.977, 1162.5
681, -227.682, 878.225
682, 37.3409, 652.342
683, 244.341, 458.768
684, -242.841, 625.511
685, 60.9091, 539.754
686, -0.795455, 954.87
687, -5.93182, 492.655
688, -35.5227, 589.115
689, -3.93182, 805.391
690, -16.9556, 804.851
691, 126.114, 626.054
692, -86.1818, 762.776
693, -47.4545, 762.601
694, 23.4318, 609.9
695, -95.0909, 487.434
696, 166.727, 717.606
697, -22.1818, 540.716
698, -63.1364, 681.322
699, 103.568, 349.528
700, 16.8444, 537.465
701, -222.75, 840.186
702, 291.727, 717.413
703, -208, 521.019
704, 40.6364, 587.785
705, -23.7273, 555.208
706, 15.5909, 565.495
707, 15.3182, 387.735
708, 31.8636, 535.751
709, 73, 705.58
710, -86.9333, 386.618
711, -31.2727, 414.501
712, 135.659, 415.24
713, -66.1591, 435.163
714, -55.3636, 347.219
715, 38.6136, 443.253
716, -42.0227, 264.651
717, 10.75, 414.926
718, 39.5909, 390.14
719, 8.04545, 423.691
720, -30.3556, 476.005
721, -30.0227, 382.938
722, -67.6591, 299.161
723, 90.75, 444.674
724, -6.90909, 455.66
725, 35.0909, 294.79
726, -99, 290.457
727, 86.8182, 424.495
728, -88.6364, 362.13
729, -1.20455, 449.268
730, 91.0444, 343.527
731, -16.4545, 332.227
732, -30.6818, 283.27
733, -21.4773, 302.516
734, 10.6136, 456.764
735, 71.7955, 438.509
736, -32.1818, 366.229
737, -90.7955, 278.308
738, 46.5682, 335.563
739, 59.5682, 278.959
740, -49.6222, 389.274
741, 51.6364, 360.431
742, -31.6818, 242.029
743, -49.4773, 271.993
744, 58.1136, 295.365
745, -23.1364, 247.348
746, 51.8636, 221.731
747, -37.0682, 276.952
748, -31.0227, 187.985
749, 26.8864, 246.009
750, -4.6, 297.979
751, -18.25, 236.095
752, 55.8409, 281.413
753, -57.8409, 293.398
754, 38.5227, 250.392
755, 14.2045, 276.08
756, -16.6818, 195.411
757, 23.9318, 261.925
758, -67.0227, 190.023
759, -38.4773, 248.418
760, 94.2222, 200.728
761, 1.25, 175.265
762, 2.02273, 206.165
763, 21.7727, 211.45
764, -76.7045, 167.106
765, 28.8409, 199.702
766, 3.84091, 103.085
767, -17.1818, 132.836
768, 26.5, 256.975
769, -53.5, 224.053
770, 61, 182.574
771, -40.25, 116.079
772, 11.6591, 150.973
773, -4.25, 161.318
774, 4.47727, 169.612
775, -16.9545, 176.684
776, 46.1364, 123.723
777, -7.52273, 118.742
778, -57.2273, 165.771
779, 34.8182, 180.322
780, -5.64444, 127.335
781, 10, 152.683
782, 21, 92.0637
783, -18.4545, 93.8845
784, 44.6818, 84.2102
785, -65.1591, 162.626
786, 40.1818, 137.16
787, -2.93182, 110.735
788, 4.20455, 101.649
789, -33.25, 133.423
790, -16.5111, 121.673
791, 18, 169.105
792, -15.3182, 103.302
793, 28.5909, 61.7021
794, 9.68182, 98.8679
795, -26.3864, 90.3987
796, -8.61364, 113.192
797, 17.6364, 100.927
798, -10.2273, 126.217
799, 2.56818, 95.6999
800, 21.8889, 82.3003
801, -7.13636, 93.41
802, 8.11364, 68.886
803, 6.47727, 83.9054
804, -42.1591, 101.374
805, 46.7955, 87.3152
806, -28.6591, 95.2038
807, -13, 55.6246
808, 3.52273, 121.708
809, 8.70455, 94.217
810, 17.9111, 62.7779
811, 5.77273, 77.4819
812, -34.2727, 74.6219
813, -20.2273, 101.391
814, -1017.09, 4217.67
815, 1945.02, 6423.07
816, -864.545, 5221.82
817, -1477.89, 2028.21
818, 1722.18, 1700.06
819, -151.159, 1161.77
820, -271.022, 536.395
821, 521.182, 567.763
822, -554.25, 635.102
823, -43.1818, 614.023
824, 447.795, 2249.71
825, -89.8864, 3549.12
826, -401.227, 1543.46
827, 93.7273, 1288.73
828, 14.4545, 1685.97
829, -66.0455, 1199.51
830, 458.2, 831.689
831, -358.568, 750.813
832, 55.75, 744.111
833, 2.68182, 516.906
834, 155.273, 576.463
835, 84.8636, 1053.65
836, -323.409, 1358.48
837, 271.886, 954.947
838, -213.705, 728.15
839, -2.36364, 571.228
840, 261.667, 574.342
841, -197.091, 482.789
842, 8.02273, 374.003
843, 43.5682, 834.981
844, -27.8409, 412.591
845, -27.5909, 558.478
846, -0.681818, 711.971
847, -56.9545, 718.733
848, 119, 659.29
849, -35.1818, 829.124
850, -63.4889, 633.229
851, 33.3864, 462.813
852, -86.9091, 559.507
853, 186.955, 728.501
854, -115.227, 576.091
855, -29.9545, 715.976
856, 148.773, 380.935
857, -39.0909, 555.838
858, -163.341, 739.945
859, 266.159, 796.33
860, -244.444, 417.489
861, 65.7273, 600.526
862, 5.95455, 510.664
863, 56.1364, 525.88
864, 5.04545, 402.646
865, -53.4773, 469.186
866, 63.5455, 591.695
867, -53.9091, 391.668
868, 40.7727, 389.265
869, 89.0227, 473.411
870, -101.711, 422.568
871, -56.4318, 335.647
872, 98.7955, 458.391
873, -10.8636, 279.219
874, -39.8864, 387.136
875, 4.72727, 400.339
876, 20.25, 396.233
877, -22.7273, 478.04
878, -8.40909, 345.387
879, -49.3864, 293.949
880, 70.5333, 400.7
881, -77.2727, 392.075
882, 74.0455, 254.981
883, -71.9545, 286.218
884, 40.0682, 379.615
885, -29.3864, 298.067
886, -21.0227, 401.765
887, 67.1364, 373.008
888, 55.5227, 351.796
889, -77.9773, 287.817
890, -8.51111, 306.281
891, -29.6818, 365.132
892, 102.636, 428.874
893, -2.61364, 321.022
894, -90.7273, 246.419
895, 25.4318, 284.616
896, 50.2273, 268.17
897, -92.75, 369.002
898, 86.8182, 330.863
899, 10.6136, 196.091
900, -75.4444, 294.743
901, 65.8409, 304.368
902, -50.9773, 212.895
903, 33.3182, 216.542
904, 2, 258.472
905, -2.25, 144.388
906, -13.6591, 218.021
907, 1.61364, 285.198
908, -4.29545, 209.584
909, 65.75, 272.615
910, -96.0444, 308.145
911, 48.7727, 231.083
912, -2.65909, 237.35
913, -7.45455, 191.578
914, 40.8864, 205.957
915, -42.9545, 206.681
916, -37.9318, 172.429
917, 59.8636, 175.545
918, -0.0454545, 173.931
919, -8.09091, 213.566
920, 49.3556, 221.51
921, -72.9318, 143.046
922, 16.8636, 164.121
923, -6.15909, 105.842
924, -4.13636, 139.443
925, 30.9091, 203.294
926, -40.5227, 188.304
927, 30.0682, 144.939
928, -32.8182, 106.564
929, 15.0227, 143.762
930, 7.95556, 147.201
931, -20.1591, 154.83
932, -12.4318, 166.13
933, 36.9091, 110.314
934, 22.7273, 108.016
935, -36.8636, 139.465
936, -4.45455, 161.541
937, -5.70455, 101.712
938, 2.29545, 135.742
939, 19.2045, 95.984
940, 10.9778, 92.1756
941, 28.75, 105.831
942, -56.25, 128.579
943, 30.8182, 98.6848
944, -16.6364, 88.6636
945, 19.7045, 74.2706
946, -23.6591, 92.2329
947, -22.1136, 73.7506
948, 9.36364, 126.154
949, -21.4545, 75.6137
950, 29.3333, 54.9525
951, 20.3636, 75.8285
952, -15.4545, 66.1079
953, -12.9318, 92.1753
954, 6.36364, 65.7686
955, -13.0682, 107.869
956, 10.6364, 71.1318
957, 20.0227, 57.691
958, 3.45455, 78.0269
959, -25.0227, 76.6641
960, -4.88889, 89.967
961, -4.5, 200.67
962, -1077.05, 4455.9
963, 2237.68, 7146.66
964, -1123.68, 4178.4
965, -1459.61, 2523.75
966, 1797.91, 1399.26
967, -210.591, 929.779
968, -237.705, 543.651
969, 422.614, 466.432
970, -530.378, 497.362
971, 85.2727, 660.953
972, 432.977, 2194.26
973, -254.205, 3669.31
974, -386.091, 1515.53
975, 118.591, 1440.05
976, 14.7727, 1574.17
977, 55.4091, 1175.74
978, 394.818, 721.108
979, -353.136, 706.885
980, 68.6222, 721.452
981, -72.3864, 544.523
982, 78.4545, 526.021
983, 216.341, 1151.81
984, -279, 1428
985, 107.182, 901.607
986, -205.455, 651.896
987, 132.682, 563.859
988, 234.591, 679.989
989, -205.295, 472.657
990, -13.7111, 387.362
991, -4.90909, 605.979
992, 35.0682, 398.883
993, 21.8182, 500.273
994, -19.0682, 617.042
995, -101.114, 709.446
996, 138.841, 609.761
997, -46.8864, 769.775
998, -33.5455, 559.053
999, 28.5455, 429.521
1000, -102.022, 467.491
1001, 167.159, 770.305
1002, -112.523, 577.043
1003, 6.5, 765.99
1004, 98.7727, 451.465
1005, -62.2955, 587.92
1006, -88.8864, 722.746
1007, 192.75, 759.152
1008, -182.659, 456.549
1009, 96.1136, 602.264
1010, -26.4667, 581.533
1011, -7.20455, 486.785
1012, -29.3636, 406.221
1013, -34.9545, 463.655
1014, 138.795, 488.001
1015, -57.0455, 332.214
1016, -8.20455, 390.457
1017, 86.75, 500.752
1018, -54.1136, 427.266
1019, -68.5909, 366.414
1020, 73.3556, 497.769
1021, -33.75, 321.354
1022, -48.5455, 395.14
1023, 41.7273, 368.612
1024, 17.3182, 298.818
1025, 46.7273, 436.797
1026, -70.3864, 331.91
1027, -26.1136, 268.356
1028, 22.5, 353.02
1029, -9.75, 368.049
1030, 48.1111, 291.947
1031, -64.9318, 252.56
1032, 7.47727, 354.795
1033, 23.1818, 267.711
1034, -53.8864, 318.808
1035, 81.4545, 380.274
1036, -19.6818, 327.224
1037, -38.7955, 247.232
1038, 14.1364, 280.196
1039, -19.7955, 302.937
1040, 71.1778, 379.437
1041, 30.4773, 273.766
1042, -133.75, 222.988
1043, 74.7955, 309.277
1044, 2.97727, 267.92
1045, -45.3636, 321.278
1046, 70.3182, 250.792
1047, -6.52273, 179.389
1048, -70.4091, 238.274
1049, 72.75, 280.378
1050, -45.5333, 198.8
1051, 29.9318, 188.999
1052, 2.34091, 221.683
1053, -28.3636, 191.317
1054, 4.11364, 167.245
1055, 23.4545, 231.267
1056, -13.7273, 210.144
1057, 24.0227, 265.837
1058, -60.3636, 303.541
1059, 46.0682, 170.686
1060, 10.4444, 182.949
1061, -22.9091, 152.822
1062, 40.9773, 174.778
1063, -42.75, 171.854
1064, -34.7955, 171.304
1065, 52.4545, 174.863
1066, 6.47727, 134.219
1067, -15.3409, 171.312
1068, 40.1818, 183.008
1069, -43.1818, 115.905
1070, 6.13333, 167.836
1071, 1.70455, 92.546
1072, 7.40909, 112.661
1073, 10.5455, 176.271
1074, -63.7727, 158.633
1075, 59.4091, 116.642
1076, -35.2727, 97.236
1077, 31.5909, 121.796
1078, -29.3409, 101.036
1079, -2.22727, 119.631
1080, -16.7778, 160.046
1081, 44.7045, 99.0343
1082, 19.4318, 105.006
1083, -41.6591, 124.264
1084, -9.72727, 148.415
1085, 3.13636, 72.1377
1086, 23.2045, 90.0668
1087, 13.3182, 83.1769
1088, -18.9318, 68.9748
1089, 28.0682, 91.6789
1090, -35.6222, 110.592
1091, 31.3864, 75.8717
1092, -19.1364, 81.8343
1093, 12.3182, 84.9205
1094, -24.8409, 69.6432
1095, -19.5455, 59.396
1096, 18.7045, 131.118
1097, 3.40909, 81.5766
1098, -7.06818, 62.2869
1099, 28.2, 106.509
1100, -30.5455, 114.84
1101, -49.7955, 1558.26
1102, 332.114, 8406.47
1103, 303.705, 4788.03
1104, -1256.52, 2732.92
1105, 514.75, 2135.57
1106, 680.023, 725.001
1107, -589.977, 420.545
1108, 100.477, 483.756
1109, 107.333, 605.39
1110, -403.273, 415.863
1111, 348.273, 1274.68
1112, -6.79545, 3197.82
1113, -41.5455, 1729.47
1114, -201.841, 1448.34
1115, 345.5, 1237.32
1116, -340.25, 1105.1
1117, 346.591, 852.75
1118, -81.4091, 495.961
1119, -314.844, 459.087
1120, 163.068, 550.622
1121, 208.795, 412.064
1122, -197.886, 647.75
1123, 12.5682, 1450.47
1124, 33.0909, 963.819
1125, -50.1364, 571.332
1126, -46.2045, 554.628
1127, 97.3182, 424.453
1128, -55.8182, 691.84
1129, -8.40909, 411.588
1130, 14.0667, 377.412
1131, 84.4091, 472.267
1132, -138.591, 469.042
1133, -20.5455, 512.953
1134, 154.364, 600.227
1135, -21.8409, 569.211
1136, 33.2273, 357.685
1137, -115.568, 513.509
1138, 107.523, 422.043
1139, -102.636, 332.054
1140, -47.6444, 514.022
1141, 179.068, 522.745
1142, -260.705, 533.687
1143, 250.477, 435.037
1144, -66.3864, 429.714
1145, -97.9318, 586.675
1146, 161.841, 706.155
1147, -48.6818, 397.218
1148, -109.818, 491.398
1149, 70.8182, 455.407
1150, 1.73333, 428.787
1151, 35.5227, 426.514
1152, -14.4545, 417.442
1153, -26.6136, 524.313
1154, -36.9091, 267.884
1155, 50.3636, 275.025
1156, -7.25, 474.417
1157, 50.25, 312.027
1158, -22.1591, 290.862
1159, -116.341, 258.447
1160, 120.6, 483.815
1161, -65.5227, 289.739
1162, 54, 366.013
1163, 12.4545, 336.859
1164, -27.5, 303.117
1165, -39.4091, 367.93
1166, 23.8636, 277.448
1167, 23.5, 295.169
1168, 69.5909, 312.47
1169, -75.5, 268.96
1170, 29.0444, 213.094
1171, 12.0682, 264.27
1172, -59.9773, 392.756
1173, 88.7273, 250.975
1174, -56.3636, 279.017
1175, 19, 274.144
1176, -47.1136, 215.581
1177, 10.8182, 160.275
1178, 58.25, 297.133
1179, -29.1364, 341.758
1180, -51.4444, 191.827
1181, 11.7955, 312.381
1182, 27.4091, 231.237
1183, 21.0455, 248.446
1184, 2.04545, 242.136
1185, -47.25, 234.484
1186, 33.7273, 183.643
1187, -31.7955, 167.839
1188, 10.9318, 211.683
1189, -1.15909, 244.423
1190, -3.8, 163.37
1191, 43.1364, 227.996
1192, -36.1591, 196.888
1193, 8.04545, 128.649
1194, -34.0682, 107.975
1195, 48.3182, 104.118
1196, -19.2955, 135.659
1197, -25.5909, 189.409
1198, 26.5909, 225.695
1199, 30.7045, 169.11
1200, -40.0667, 114.961
1201, -13.2955, 98.9969
1202, 23.0909, 133.402
1203, 0.522727, 129.883
1204, -23.4773, 156.206
1205, 29.4773, 115.055
1206, -2.79545, 128.908
1207, -30.5909, 136.524
1208, 1.81818, 161.295
1209, 29.0455, 93.8095
1210, -0.555556, 85.1348
1211, -12.4091, 57.7449
1212, 8, 119.438
1213, -12.3409, 127.563
1214, 13.4091, 116.193
1215, 3.95455, 71.3586
1216, 13.3636, 93.4109
1217, -6.72727, 77.0435
1218, -12.4545, 73.6353
1219, -3.54545, 135.603
1220, 30.8444, 117.201
1221, -27.0227, 56.055
1222, -11.6136, 92.0008
1223, 22.0227, 97.0807
1224, -19.4545, 94.1378
1225, 33.8409, 95.2191
1226, -25.3636, 60.7143
1227, -16.2045, 67.5273
1228, 13.1818, 43.2231
1229, -4.97727, 119.799
1230, 2.35556, 61.9179
1231, -7.40909, 123.129
1232, -6.70455, 158.035
1233, -978.25, 3624.09
1234, 2238.45, 6498.47
1235, -1237.52, 2667.85
1236, -1122.5, 1292.25
1237, 1491.39, 1104.82
1238, -288.886, 806.046
1239, -125, 507.839
1240, 402.689, 454.05
1241, -525.727, 388.102
1242, 95.5, 522.232
1243, 446.932, 1886.02
1244, -261.568, 2948.17
1245, -395.841, 1568.39
1246, 169.591, 1150.76
1247, 2.13636, 1347.16
1248, -5.40909, 837.606
1249, 340.568, 440.044
1250, -291.689, 440.599
1251, 100.136, 510.066
1252, -60.7273, 437.73
1253, 29.0227, 468.508
1254, 69.3864, 902.894
1255, -143.159, 1071.57
1256, 99.7955, 677.256
1257, -182.409, 517.377
1258, 154.364, 404.195
1259, 186.182, 517.596
1260, -226.511, 340.532
1261, -13.75, 327.698
1262, 58.1136, 539.474
1263, -5.31818, 642.137
1264, -6.11364, 501.825
1265, -16.2045, 541.433
1266, -13.5227, 598.511
1267, 83.1136, 388.571
1268, -33.1136, 406.888
1269, -19.1818, 417.146
1270, -22.1556, 337.552
1271, -53.2273, 425.043
1272, 158.705, 581.336
1273, -106.955, 372.396
1274, 58.5909, 540.623
1275, -6.90909, 377.129
1276, -66.7045, 617.263
1277, -7.90909, 550.409
1278, 79.6364, 586.181
1279, -56.0227, 376.229
1280, 53.4667, 494.291
1281, -54.1364, 300.775
1282, 13.1136, 482.993
1283, 14.4318, 404.816
1284, -126.364, 391.957
1285, 172.023, 294.35
1286, -91.8182, 313.604
1287, 23.1591, 376.679
1288, 84.0682, 269.778
1289, -62.5455, 289.997
1290, -50.2222, 223.361
1291, 59.2045, 405.156
1292, -40.6591, 251.779
1293, -12.7955, 342.034
1294, 44.4773, 406.913
1295, 0.454545, 321.049
1296, 45.3864, 341.13
1297, -62.8409, 244.559
1298, -0.522727, 226.535
1299, -5.45455, 322.237
1300, 7.75556, 309.949
1301, 23.5, 191.022
1302, -34.8864, 201.164
1303, -46.9091, 307.565
1304, 60.75, 256.279
1305, -40.4545, 299.172
1306, 27.4545, 277.233
1307, 2.59091, 195.021
1308, -11.9773, 253.437
1309, 29.7727, 273.224
1310, -49.9333, 288.403
1311, 63.5909, 285.212
1312, 35.9091, 233.639
1313, -95.5455, 230.232
1314, 51.4318, 241.332
1315, -26.8409, 208.473
1316, -8.36364, 214.327
1317, 59.4318, 195.605
1318, 11.3636, 155.054
1319, -86.6364, 166.372
1320, 57.7111, 220.766
1321, -29.2955, 154.968
1322, -1.02273, 171.667
1323, 13.2273, 158.589
1324, -2.70455, 126.272
1325, 11.7273, 164.442
1326, 13.1818, 130.215
1327, -8.86364, 144.474
1328, -8.25, 176.845
1329, -34.3864, 221.145
1330, 17.8, 158.621
1331, 29.4545, 139.632
1332, -19.0682, 89.9958
1333, 0.909091, 122.767
1334, 15.1364, 144.261
1335, -16.8636, 157.358
1336, 18, 130.966
1337, -20.6136, 110.061
1338, 12, 164.493
1339, 10.25, 133.551
1340, -17.0222, 98.9416
1341, 3.15909, 108.05
1342, -5.79545, 69.1847
1343, 32.0682, 83.4275
1344, -7.61364, 96.9567
1345, -30.9091, 90.0547
1346, 25.9091, 89.218
1347, -36.7045, 55.3163
1348, 16.8182, 78.464
1349, 7.08889, 68.0656
1350, -5.81818, 104.751
1351, -19.9773, 104.113
1352, 28.8636, 80.6506
1353, 24.3636, 75.3375
1354, -45.3409, 103.998
1355, -14.7045, 143.828
1356, -125.909, 366.766
1357, -450.227, 4766.32
1358, 1795.09, 4895.27
1359, -1499.47, 1958.16
1360, -357.114, 1621.73
1361, 1115.61, 1086.64
1362, -422.023, 629.289
1363, 2.29545, 522.699
1364, 224.636, 480.255
1365, -524.318, 300.076
1366, 270.023, 378.015
1367, 217.909, 2436
1368, -73.4091, 2468.94
1369, -400.422, 1306.72
1370, 234.955, 863.71
1371, 4.52273, 1406.56
1372, 81.25, 979.09
1373, 59.0227, 554.427
1374, -254.364, 344.434
1375, 157.932, 439.168
1376, 22.4545, 416.359
1377, -13.0227, 394.9
1378, 43.8409, 1027.16
1379, -51.2727, 729.589
1380, -88.6667, 556.395
1381, -62.25, 510.086
1382, 154.841, 271.259
1383, 75.75, 418.356
1384, -126.909, 291.642
1385, -113.977, 423.156
1386, 167.068, 514.575
1387, -86.4091, 646.395
1388, 55.7727, 524.613
1389, 19.9545, 585.323
1390, 10.7111, 560.891
1391, 63.0227, 443.971
1392, -88, 403.589
1393, 22.7955, 458.406
1394, -16.8409, 325.444
1395, -103.295, 437.93
1396, 176.205, 516.692
1397, -95.8182, 385.136
1398, 48.5227, 443.557
1399, -49.5909, 314.91
1400, -109.156, 611.199
1401, 115.705, 643.955
1402, 4.54545, 399.098
1403, -3.84091, 375.062
1404, 18.75, 360.291
1405, 14.25, 306.858
1406, -15.6818, 533.408
1407, 32.4318, 416.045
1408, -159.523, 396.633
1409, 117.364, 344.827
1410, -51.2, 354.107
1411, 18.0455, 367.744
1412, 56.3636, 266.494
1413, -35.4318, 299.46
1414, -58.9318, 216.602
1415, 73.7727, 244.909
1416, -24.7045, 217.642
1417, -34.6364, 296.472
1418, 52.6818, 361.659
1419, 17.5455, 345.767
1420, -21.6222, 316.154
1421, 8, 217.957
1422, 31.5227, 265.481
1423, -35.5682, 336.509
1424, 12.0909, 321.563
1425, 24.7727, 213.357
1426, -42.0227, 219.689
1427, -44.8864, 329.434
1428, 95.9091, 305.16
1429, -88.5682, 261.84
1430, 37.7556, 276.014
1431, -39.1818, 215.26
1432, 17.7273, 285.124
1433, 67.5682, 292.719
1434, -84.9318, 237.413
1435, 31.8636, 230.285
1436, 42.7045, 204.167
1437, -31.8182, 183.483
1438, 25.75, 230.594
1439, -46.8864, 169.507
1440, 15.3111, 227.868
1441, 18.6818, 190.446
1442, 28.2045, 154.946
1443, -61.9545, 168.933
1444, 38.5455, 166.456
1445, -17.1364, 159.699
1446, 3.34091, 161.08
1447, -13.8636, 131.355
1448, -15.0455, 123.045
1449, 42.6364, 153.41
1450, 3.64444, 146.577
1451, 5.61364, 132.351
1452, -68.1591, 166.652
1453, 43.7273, 145.937
1454, -3.72727, 93.2064
1455, 11.3636, 106.387
1456, -13.3182, 96.8743
1457, -1.93182, 124.371
1458, 3.72727, 101.446
1459, -3.61364, 112.919
1460, 38.0222, 86.0001
1461, -51.6818, 93.7365
1462, 9.02273, 102.667
1463, -1.13636, 111.574
1464, 21.7955, 51.4585
1465, -16.25, 102.326
1466, 10.9545, 56.2361
1467, 27.5909, 88.269
1468, -55.8864, 113.706
1469, 27.3182, 110.313
1470, 20.7111, 77.1292
1471, -58.8409, 93.3817
1472, 27.4773, 97.8846
1473, -66.25, 294.768
1474, -556.205, 3714.29
1475, 1845.5, 4933.01
1476, -1348.2, 2193.94
1477, -707.932, 1493.34
1478, 1209.52, 1072.06
1479, -339.841, 709.363
1480, -51.8222, 473.753
1481, 299.705, 391.269
1482, -490.591, 287.159
1483, 204.659, 382.883
1484, 236.841, 1935.98
1485, -98.2273, 2153.65
1486, -356.523, 1217.79
1487, 238.295, 731.214
1488, -43.9545, 1313.52
1489, -48.75, 1095.43
1490, 255.622, 619.178
1491, -249.545, 330.258
1492, 133.227, 477.597
1493, -1.38636, 353.625
1494, -61.4091, 490.322
1495, 71.1591, 855.153
1496, -60.5227, 756.592
1497, -46.8409, 484.335
1498, -34.3182, 404.29
1499, 138.455, 268.926
1500, 53.4667, 327.06
1501, -133.75, 359.953
1502, -30.9091, 377.371
1503, 61.0909, 525.516
1504, 3.40909, 457.171
1505, 43, 375.024
1506, -69.1136, 500.807
1507, 21.25, 492.623
1508, 65.6818, 436.786
1509, -72.2727, 356.678
1510, 35.9778, 436.945
1511, -3.56818, 264.924
1512, -54.5909, 376.014
1513, 80.5909, 461.585
1514, -55.2955, 374.74
1515, 42.5909, 451.82
1516, -73.2273, 267.086
1517, -37.7045, 567.89
1518, 89.1591, 512.711
1519, -25.5, 424.352
1520, 16.3333, 363.359
1521, 31.7273, 310.616
1522, -25.7273, 301.738
1523, -40.1818, 455.31
1524, 24.7045, 337.597
1525, -143.045, 403.963
1526, 171.955, 335.227
1527, -43.1818, 293.369
1528, -2.25, 320.959
1529, 53.5909, 214.319
1530, -46.6667, 205.127
1531, -35.9318, 185.871
1532, 57.2045, 191.04
1533, -18.7727, 184.104
1534, -37.3409, 263.136
1535, 51.25, 258.651
1536, -35.25, 244.61
1537, 49.8864, 226.043
1538, 3.04545, 193.302
1539, -18.8182, 224.167
1540, -28.8667, 288.586
1541, 18.5227, 291.556
1542, 9.81818, 227.76
1543, -0.454545, 226.636
1544, -86.5455, 291.238
1545, 96.75, 242.513
1546, -59.2955, 264.071
1547, 36.6818, 256.058
1548, -8.88636, 205.019
1549, -9, 266.087
1550, 29.7333, 260.598
1551, -56.3864, 179.866
1552, 47.4773, 195.553
1553, 65.6136, 200.875
1554, -68.3409, 146.368
1555, 17.0909, 193.404
1556, -58.3182, 148.962
1557, 32.5455, 213.279
1558, 8.04545, 188.86
1559, 57.2045, 183.41
1560, -56.3333, 138.164
1561, 26, 141.705
1562, 2.56818, 132.664
1563, -12.1591, 141.999
1564, -27.2955, 113.227
1565, -4.59091, 97.2762
1566, 39.4773, 108.685
1567, 15.4773, 125.181
1568, -26.0455, 104.079
1569, -27.2955, 135.264
1570, 27.7111, 111.69
1571, -18.8864, 76.0676
1572, 15.7727, 85.121
1573, -11.2273, 48.0151
1574, -8.38636, 101.883
1575, 24.0682, 56.3158
1576, -9.09091, 87.3576
1577, 17.25, 71.1241
1578, -23.4545, 67.0324
1579, -2.15909, 77.7361
1580, 12.0889, 109.322
1581, 8.90909, 66.0777
1582, -10, 99.0138
1583, -4.02273, 87.4083
1584, 97.7727, 620.327
1585, -231.432, 4614
1586, 889.318, 3560.61
1587, -1067.2, 1724.3
1588, -88.9773, 1791.3
1589, 786.045, 942.571
1590, -437.067, 421.061
1591, 96.8182, 289.717
1592, 59.9318, 326.319
1593, -393.659, 235.654
1594, 381.659, 407.578
1595, -105.523, 2120.48
1596, 156.523, 1690.94
1597, -330.705, 934.447
1598, 267.023, 704.492
1599, -163.477, 1104.34
1600, 153.244, 936.181
1601, 6.68182, 665.367
1602, -232.136, 365.4
1603, 132.273, 463.168
1604, 113.523, 289.26
1605, -186.159, 434.283
1606, -7.34091, 904.833
1607, 81.5909, 541.688
1608, -33.2045, 588.825
1609, -74.8864, 403.063
1610, 121.711, 244.604
1611, 13.9091, 394.977
1612, -56.3864, 259.243
1613, -95.0682, 406.11
1614, 94.75, 491.485
1615, -30.25, 359.942
1616, 58, 372.69
1617, 64.2273, 428.472
1618, -50.9773, 343.506
1619, 72.75, 341.273
1620, -122.444, 385.538
1621, 59.1364, 359.611
1622, -22.2955, 258.511
1623, -30.2727, 378.56
1624, 84.7727, 363.564
1625, -130.727, 397.536
1626, 111.886, 373.847
1627, -63.5682, 288.436
1628, -28.5909, 538.18
1629, 93.9318, 420.865
1630, -4.22222, 272.598
1631, -72.2727, 309.612
1632, 37.7955, 305.304
1633, 5.52273, 253.839
1634, -15.5, 352.412
1635, 39.6591, 282.813
1636, -73.2727, 414.5
1637, 57.7727, 342.269
1638, 8.5, 287.565
1639, -35.0682, 216.277
1640, -3.22222, 191.229
1641, -3.79545, 150.782
1642, -27.3409, 196.284
1643, 87.6364, 203.809
1644, -77.3409, 188.961
1645, 8.68182, 239.422
1646, 24.2955, 235.309
1647, 24.2955, 165.266
1648, -31.6364, 257.474
1649, 30.9773, 154.323
1650, 12.8444, 215.069
1651, -4.88636, 270.386
1652, -19.3864, 221.803
1653, 14.3864, 163.427
1654, -14.8864, 154.138
1655, -40.0227, 301.729
1656, 73.1591, 207.639
1657, -49.5909, 193.169
1658, 30, 241.798
1659, -53.9318, 191.568
1660, 16.1778, 188.078
1661, 31.1818, 176.178
1662, -17.4318, 177.47
1663, 9.31818, 220.866
1664, 15.3409, 201.306
1665, 2.02273, 156.155
1666, -5.84091, 162.91
1667, -26.2045, 117.896
1668, 5.15909, 176.363
1669, 8.84091, 156.201
1670, 8.71111, 141.156
1671, -16.2955, 108.995
1672, 13.1364, 117.667
1673, -20.4773, 86.9131
1674, 17.3182, 114.87
1675, 2.63636, 80.4632
1676, -8.72727, 69.6447
1677, -1.52273, 86.9202
1678, 23.1818, 64.4386
1679, -4.45455, 115.833
1680, -37.7778, 120.614
1681, 20.8864, 115.059
1682, -0.272727, 72.608
1683, 6.70455, 81.8798
1684, 2.13636, 48.2355
1685, 1.45455, 70.2833
1686, 5.18182, 79.8235
1687, -26.25, 128.855
1688, 42.5, 122.493
1689, 64.6136, 1708.14
1690, 269.267, 4069.93
1691, -300.409, 3037.77
1692, -628.545, 1310.63
1693, 791.114, 1574.89
1694, 26.4091, 559.004
1695, -261.295, 276.281
1696, 53.2045, 278.894
1697, -59.6364, 431.044
1698, -172.864, 335.449
1699, 352.523, 982.371
1700, 99.4667, 2095.81
1701, -329.523, 1229.35
1702, -7.72727, 844.766
1703, 77.1136, 932.762
1704, -151.568, 719.084
1705, 309.023, 595.416
1706, -129.364, 512.157
1707, -132.773, 438.567
1708, 22.9091, 400.317
1709, 208, 200.903
1710, -110.6, 502.904
1711, -66.8864, 716.596
1712, 156.75, 528.889
1713, -107.545, 585.297
1714, -83.7727, 310.902
1715, 124.25, 255.338
1716, -53.5682, 386.855
1717, -5.79545, 265.2
1718, 22.3182, 477.666
1719, -12.6364, 390.752
1720, 4.71111, 386.699
1721, 24.6818, 403.61
1722, -19.2273, 400.384
1723, -10.9773, 239.446
1724, 20.5909, 221.266
1725, -23.25, 312.638
1726, 54.9318, 361.993
1727, -39.1364, 238.329
1728, -83.3636, 320.271
1729, 161.5, 249.415
1730, -170.222, 351.605
1731, 168.727, 272.266
1732, 12.2727, 369.304
1733, -138.614, 410.081
1734, 149.114, 264.211
1735, -75.9318, 247.046
1736, -56.25, 306.943
1737, 56.9091, 261.848
1738, -63.5455, 250.32
1739, 65.6364, 213.95
1740, 19.8222, 237.64
1741, -6.36364, 325.885
1742, -46.7727, 242.175
1743, 17.0682, 198.969
1744, 10.8864, 176.219
1745, 26.3636, 181.13
1746, -19.9318, 168.974
1747, -38.1364, 210.262
1748, 44.7727, 214.84
1749, -23.7045, 183.554
1750, 5.42222, 157.452
1751, 9.27273, 167.8
1752, -39.0682, 148.04
1753, 26.75, 210.519
1754, -23.8864, 154.744
1755, 7.20455, 201.224
1756, -8.5, 162.968
1757, 25.4091, 187.247
1758, -4.93182, 193.537
1759, 74.3636, 175.814
1760, -47.2, 223.329
1761, -9.09091, 194.776
1762, 32.9545, 189.894
1763, -44.7955, 117.697
1764, 10.5455, 141.819
1765, -5.18182, 137.285
1766, -10.9091, 143.685
1767, 30.0227, 179.334
1768, -42.1364, 107.419
1769, 4.25, 160.399
1770, -13.9333, 109.07
1771, 36.7727, 107.599
1772, -1.18182, 137.526
1773, -30.9545, 111.208
1774, 25.3636, 108.657
1775, -12.9318, 98.8577
1776, 19.8182, 77.2864
1777, -28.6364, 82.6573
1778, -1.45455, 79.5674
1779, 35.9545, 77.6636
1780, -12.9778, 60.6427
1781, 9.20455, 65.3892
1782, -30.5227, 53.9665
1783, 19.5682, 57.9221
1784, -0.977273, 98.4074
1785, 9.68182, 136.142
1786, -24.6818, 129.096
1787, 58, 124.135
1788, 182.568, 1401.69
1789, 140.932, 3809.67
1790, -52.9778, 2981.24
1791, -709.295, 1411.25
1792, 392.932, 1791.59
1793, 329.75, 672.754
1794, -251.455, 306.365
1795, 95.7045, 209.088
1796, -32.7955, 316.378
1797, -312.977, 288.477
1798, 330.795, 851.793
1799, -20, 1847.3
1800, -19.9556, 1470.74
1801, -123.091, 816.212
1802, 176.523, 847.102
1803, -208.068, 786.325
1804, 228.409, 596.493
1805, -103.045, 425.076
1806, -178.477, 237.946
1807, 53.4773, 404.086
1808, 233.227, 298.436
1809, -121.5, 393.138
1810, -64.9778, 728.552
1811, 125.273, 545.992
1812, -131.273, 540.909
1813, 15.9545, 453.246
1814, 65.8409, 315.89
1815, -27.2273, 376.938
1816, -4.45455, 258.73
1817, -51.4773, 415.701
1818, 33.5455, 369.757
1819, -42.3409, 374.709
1820, 28.6222, 364.514
1821, 102.136, 384.483
1822, -62.6591, 271.271
1823, 70.5909, 191.656
1824, -120.5, 304.067
1825, 47.8864, 307.161
1826, 21.9091, 234.6
1827, -96.7727, 287.844
1828, 113.568, 237.89
1829, -157.136, 258.71
1830, 197.333, 262.597
1831, -58.7955, 268.519
1832, -101.5, 365.423
1833, 96.75, 259.517
1834, 16.7955, 245.609
1835, -92.8409, 261.693
1836, 35.4091, 249.101
1837, 19, 213.553
1838, -0.977273, 202.993
1839, -14.5682, 207.356
1840, 8, 283.488
1841, -4.90909, 224.279
1842, 6.75, 146.765
1843, -4.81818, 160.647
1844, 28.5455, 163.81
1845, -43.2727, 154.216
1846, -0.318182, 154.6
1847, 56.1818, 174.991
1848, -76.2727, 149.992
1849, 60.9091, 163.465
1850, -9.86667, 139.764
1851, 1.72727, 153.859
1852, -22.3636, 161.368
1853, -15.9545, 134.193
1854, 19.3636, 146.038
1855, 29.5227, 111.807
1856, -2.52273, 144.228
1857, 18.25, 130.223
1858, 1.56818, 171.377
1859, -39.7955, 234.388
1860, 44.2444, 143.852
1861, -10.75, 195.77
1862, -25.5, 135.166
1863, -21.4545, 140.113
1864, 19.7727, 82.2778
1865, 1.06818, 114.358
1866, 30.4773, 135.999
1867, -46.0455, 106.746
1868, -4.56818, 139.942
1869, 35.9091, 99.9149
1870, -15.4222, 121.983
1871, 13.2273, 139.959
1872, -26.8864, 114.187
1873, 3.54545, 92.2182
1874, 9.75, 81.3913
1875, 10.1136, 87.6362
1876, -21.9773, 72.3157
1877, 20.1136, 50.4494
1878, -13.0455, 50.2227
1879, 9.54545, 45.9928
1880, -25.6444, 91.9387
1881, -5.13636, 151.271
1882, -5.72727, 1690.76
1883, 470.818, 3769.15
1884, -381.75, 2867.53
1885, -727.977, 1549.48
1886, 890.795, 1335.82
1887, 2.5, 365.748
1888, -264.568, 262.133
1889, 117.5, 200.488
1890, -112.311, 316.175
1891, -150.273, 430.962
1892, 306.364, 1017.93
1893, 95.6591, 1838.23
1894, -323.432, 1087.39
1895, 57.2727, 645.188
1896, 12.5, 872.129
1897, -91, 736.107
1898, 250.114, 431.725
1899, -104, 345.888
1900, -89, 362.048
1901, 14.7045, 253.431
1902, 168.864, 269.252
1903, -45.9545, 465.88
1904, -121.659, 614.687
1905, 160.909, 495.208
1906, -125.523, 547.989
1907, -44.5682, 413.671
1908, 154.614, 249.802
1909, -92.8636, 369.86
1910, 34.1333, 300.364
1911, -21.2727, 437.326
1912, -31.4318, 447.002
1913, -0.659091, 371.604
1914, 20.8182, 394.015
1915, 30.7727, 384.018
1916, -10.25, 259.821
1917, -52.75, 210.896
1918, 3.97727, 263.112
1919, 36.5227, 327.705
1920, -11.3778, 276.521
1921, -32.5682, 259.098
1922, 69.3182, 241.94
1923, -105.614, 252.614
1924, 171.455, 169.554
1925, -8.11364, 277.015
1926, -149.159, 322.172
1927, 136.5, 263.427
1928, -122.75, 234.988
1929, 2.43182, 226.518
1930, 114.556, 229.256
1931, -102.932, 232.53
1932, 20.1136, 165.183
1933, 29.3182, 183.966
1934, -2.43182, 289.272
1935, -28.9318, 133.613
1936, 31.8636, 131.345
1937, -10.75, 176.293
1938, 31.4091, 152.434
1939, -34.7273, 146.399
1940, 6.66667, 159.487
1941, -4.34091, 166.742
1942, 8.25, 208.291
1943, 10.6818, 196.597
1944, -18.1136, 102.2
1945, -26.0682, 126.093
1946, 9.29545, 152.267
1947, -20.7273, 130.973
1948, 11.9318, 133.463
1949, -0.113636, 120.581
1950, 27.6667, 118.108
1951, -24.1818, 109.375
1952, 57.4773, 113.692
1953, -38.4773, 145.062
1954, -19.2273, 145.128
1955, 29.6591, 152.52
1956, -14, 127.01
1957, 1.27273, 116.123
1958, 10.5, 71.4812
1959, -7.79545, 76.2432
1960, 15.2444, 118.998
1961, -40.4773, 68.7266
1962, 1.11364, 102.354
1963, 1.27273, 125.985
1964, 36.5227, 70.4316
1965, -12.0455, 131.509
1966, -25.8864, 65.7703
1967, 7.79545, 67.3348
1968, -14.2045, 101.803
1969, 20.5227, 115.199
1970, 27.2444, 136.917
1971, -31.1818, 1690.11
1972, 436.386, 3807.41
1973, -364.614, 2790.51
1974, -637.023, 1605.3
1975, 750.386, 1298.33
1976, 2.52273, 470.904
1977, -161.614, 302.11
1978, 105.114, 207.008
1979, -96.4773, 298.139
1980, -95.8667, 343.37
1981, 157.841, 932.444
1982, 71.0455, 1767
1983, -257.068, 983.629
1984, 75.9091, 656.697
1985, 110.227, 738.678
1986, -150.682, 658.754
1987, 237.75, 360.676
1988, -124.545, 262.339
1989, -100.205, 312.066
1990, 25.3333, 262.058
1991, 149.886, 210.6
1992, -34.8864, 433.139
1993, -86.5227, 553.802
1994, 115.591, 435.014
1995, -60.9091, 388.338
1996, -94.6136, 317.664
1997, 120.159, 242.176
1998, -45.1591, 278.02
1999, 22.3636, 247.965
2000, -35.5778, 372.146
2001, 36.3409, 440.589
2002, -51.8409, 303.467
2003, -22.6364, 396.802
2004, 86.1818, 415.985
2005, -7.95455, 356.523
2006, -4.61364, 223.778
2007, -50.5682, 235.19
2008, 21.6591, 217.601
2009, 32.0682, 225.443
2010, -32.5778, 164.421
2011, 37.5682, 219.987
2012, -77.6591, 224.004
2013, 123.795, 165.653
2014, -13.5909, 284.162
2015, -121.886, 294.113
2016, 137.773, 250.112
2017, -128.364, 207.165
2018, 34.5, 207.987
2019, 67.4091, 199.246
2020, -82.9556, 197.11
2021, 83.7273, 144.606
2022, -43.0909, 120.149
2023, 8.72727, 244.523
2024, -23.8182, 117.436
2025, 21.1818, 88.6565
2026, 6.81818, 166.591
2027, 37.0909, 144.702
2028, -47.0227, 115.114
2029, -32.5909, 111.127
2030, 42.4889, 110.196
2031, -0.454545, 160.104
2032, -4.93182, 145.909
2033, -3.27273, 93.859
2034, -23.9091, 114.522
2035, 7.95455, 103
2036, -21.2727, 96.4971
2037, 28.7727, 114.666
2038, -21.1818, 105.439
2039, 41.1364, 90.9249
2040, -36.4889, 127.75
2041, 60.75, 96.3212
2042, -19.7955, 203.813
2043, -40.7273, 127.257
2044, 47.4091, 138.415
2045, -20.1591, 127.378
2046, 12.4091, 96.4557
2047, -17.5909, 61.021
2048, -2.18182, 54.1749
2049, 16.1136, 60.4589
2050, -36.3111, 65.6719
2051, 7.86364, 94.6168
2052, -11.9318, 69.0709
2053, 38.7045, 92.9674
2054, 28.8864, 194.915
2055, -44.7045, 415.593
2056, -100.114, 3505.15
2057, 726.5, 2758.69
2058, -800.318, 1293.35
2059, -200.818, 1562.45
2060, 652.178, 833.937
2061, -321.364, 321.802
2062, 128.614, 193.269
2063, 48.25, 221.583
2064, -373.955, 187.493
2065, 290.364, 290.952
2066, 39.9091, 1365.24
2067, 25.2273, 1422.94
2068, -180.841, 743.403
2069, 116.818, 399.431
2070, -92.3111, 950.919
2071, 105.977, 474.296
2072, -10.5227, 355.785
2073, -135.591, 240.653
2074, 117.023, 238.708
2075, 9.45455, 198.755
2076, -38.1364, 318.193
2077, 4.38636, 521.312
2078, 36.0909, 396.694
2079, -70.8864, 419.911
2080, -41.3111, 321.319
2081, 88.8636, 226.899
2082, 70.9091, 253.375
2083, -106.455, 226.343
2084, -37.4545, 295.897
2085, 55.8409, 379.67
2086, -61, 405.323
2087, 60.0909, 283.859
2088, 74.4318, 383.122
2089, -86.2273, 340.54
2090, 83.3111, 147.533
2091, -94.0682, 194.259
2092, -9.68182, 163.651
2093, 68.5909, 192.871
2094, -53.9091, 158.521
2095, 56.8409, 269.193
2096, -62.5455, 145.004
2097, 20.5227, 213.732
2098, 18.7955, 158.836
2099, -55.7727, 240.094
2100, 60.3778, 231.633
2101, -9.18182, 179.874
2102, -44, 190.122
2103, 70.7727, 179.818
2104, -16.0909, 162.828
2105, -25.4773, 199.076
2106, -10.6364, 103.823
2107, -46.2273, 176.939
2108, 66.9318, 144.636
2109, -4.36364, 90.994
2110, -26.8222, 169.872
2111, 0.159091, 130.656
2112, 1.54545, 129.973
2113, 17.4091, 97.2881
2114, 21.7273, 99.6223
2115, -39.4318, 104.709
2116, -5.25, 149.759
2117, 30.5455, 143.581
2118, -19.1591, 70.0869
2119, 37.1364, 79.0896
2120, -11.9111, 98.4903
2121, 5.61364, 108.493
2122, -13.9773, 78.6521
2123, 9.63636, 82.7513
2124, 1.29545, 86.3075
2125, -14.75, 109.239
2126, -7.02273, 140.481
2127, 25.1364, 101.63
2128, -21.4773, 101.848
2129, 16.3182, 135.546
2130, -33.5778, 105.876
2131, 15.3636, 67.4921
2132, 8.34091, 61.9494
2133, -33.8636, 94.6608
2134, 34.4545, 138.829
2135, 223.159, 730.096
2136, 76.9545, 2434.38
2137, 51.7045, 1815.5
2138, -632.136, 1072.06
2139, 198.773, 1422.06
2140, 327.911, 527.05
2141, -234.364, 223.255
2142, 10.4545, 179.368
2143, 43.5227, 175.997
2144, -219.909, 240.376
2145, 322.409, 424.597
2146, -26.3182, 1253
2147, -158.818, 705.634
2148, -59.9091, 489.957
2149, 205.227, 562.838
2150, -120.311, 782.89
2151, 79.4773, 366.335
2152, -66.6136, 205.285
2153, -116.159, 176.016
2154, 66.8864, 201.972
2155, 116.477, 150.405
2156, -59.4318, 187.696
2157, 13.5227, 416.952
2158, -2.54545, 350.436
2159, -46.0909, 269.417
2160, -79.6667, 240.591
2161, 106.545, 197.639
2162, -13.75, 302.34
2163, 25.6364, 185.901
2164, -80.9318, 216.536
2165, 31.0455, 289.342
2166, -1.31818, 233.524
2167, -6.5, 275.163
2168, 96.9318, 255.973
2169, -45.3409, 278.523
2170, 12.0889, 133.64
2171, -26.8864, 143.079
2172, 23.2045, 105.296
2173, -15.0682, 128.89
2174, -60.5455, 121.939
2175, 81.2045, 224.421
2176, -89.2955, 106.448
2177, 100.136, 121.691
2178, -45.5909, 218.267
2179, -28.1136, 186.291
2180, 67.6667, 112.185
2181, -39.9318, 97.5461
2182, -13.5455, 126.377
2183, 17.9773, 176.07
2184, -36.25, 140.082
2185, 51.5909, 121.116
2186, -20.2955, 63.0219
2187, -0.227273, 161.405
2188, -28.1364, 137.177
2189, 36.0455, 78.7366
2190, -3.28889, 140.032
2191, 25.6818, 104.392
2192, -23.75, 110.44
2193, -10.2955, 70.8213
2194, 31.8864, 60.404
2195, -41.0682, 59.4629
2196, 23.8636, 122.7
2197, 6.29545, 66.2521
2198, -14.4318, 50.7796
2199, -12.2889, 72.0927
2200, -2.75, 86.2847
2201, 26.0227, 71.487
2202, 16.5455, 43.0129
2203, 3.93182, 112.238
2204, -9.27273, 49.0516
2205, -10.6364, 81.333
2206, 3.25, 155.844
2207, 21.1364, 112.318
2208, -28.7045, 163.249
2209, 118.636, 552.276
2210, -2.11111, 3349.26
2211, 341.545, 2102.63
2212, -631.205, 1183.51
2213, 83.0682, 1597.11
2214, 281.318, 751.084
2215, -247.545, 289.586
2216, 130.341, 173.331
2217, 47.9773, 278.599
2218, -272.136, 326.032
2219, 307.733, 537.102
2220, -86.0455, 1432.33
2221, -15.6364, 1053.21
2222, -94.1591, 762.807
2223, 91.1364, 460.235
2224, -72.6591, 884.603
2225, 139.114, 366.252
2226, -63.8636, 250.28
2227, -160.318, 213.128
2228, 87.3409, 183.387
2229, 133.114, 166.19
2230, -72.2889, 275.612
2231, -35.4773, 459.061
2232, 43.9773, 390.944
2233, -76.6136, 293.428
2234, -16.75, 245.89
2235, 65.5909, 205.118
2236, 0.909091, 237.804
2237, -18.2955, 179.55
2238, -33.6364, 219.157
2239, 76.3778, 301.201
2240, -80.8182, 273.499
2241, -5.97727, 211.994
2242, 61.2955, 292.427
2243, -20.7045, 251.974
2244, 52.1136, 131.153
2245, -50.0455, 166.58
2246, 39.1364, 132.417
2247, -56.7955, 89.9994
2248, -4.34091, 150.45
2249, 30.7955, 249.447
2250, -38.1778, 128.427
2251, 81.9545, 133.929
2252, -42.9545, 136.085
2253, -49.5, 143.977
2254, 95.8636, 198.091
2255, -39.9318, 106.972
2256, -46.0682, 110.381
2257, 45.3182, 120.87
2258, 2.18182, 118.05
2259, 6.09091, 154.421
2260, -21.7333, 115.401
2261, -18.5455, 144.016
2262, 27.2727, 108.986
2263, -15.7273, 76.2479
2264, -7.20455, 112.659
2265, 27.2273, 99.96
2266, 8.79545, 102.036
2267, -41.0227, 62.5473
2268, 26.9773, 57.8876
2269, -17.4318, 69.3746
2270, 14.1556, 107.804
2271, 21.7727, 76.4805
2272, -5.11364, 52.004
2273, -19.1364, 60.8861
2274, -5.04545, 72.831
2275, 1.93182, 83.8387
2276, 16.2727, 76.3995
2277, 10.6136, 109.766
2278, 0.886364, 111.642
2279, 17.1591, 407.927
2280, -25.9333, 2938.75
2281, 519.614, 1902.16
2282, -705.159, 1306.26
2283, -82.7273, 1509.9
2284, 469.545, 802.184
2285, -218.909, 296.161
2286, 77.6364, 161.333
2287, 29.0455, 188.231
2288, -289.932, 215.1
2289, 282.295, 225.816
2290, -31.5333, 1185.13
2291, 22.25, 1012.25
2292, -121.295, 650.488
2293, 27.5909, 417.811
2294, 28.2955, 789.128
2295, 96.9091, 389.947
2296, -74.7045, 271.446
2297, -98.1591, 215.813
2298, 65.3182, 215.418
2299, 72.1364, 146.548
2300, -56.0667, 317.024
2301, -45.5909, 452.226
2302, 55.7727, 355.825
2303, -13.2273, 307.502
2304, -52.5, 198.343
2305, 49.5909, 159.314
2306, 41.9545, 178.347
2307, -41.2727, 209.737
2308, -48.9773, 179.322
2309, 35.5227, 263.235
2310, -17.8444, 288.674
2311, 27.9091, 217.026
2312, 37.0909, 260.833
2313, -3.43182, 170.944
2314, -17.4545, 130.142
2315, -44.2273, 156.404
2316, 27.3182, 124.384
2317, 1.65909, 109.039
2318, -6.75, 114.973
2319, 34.9545, 192.184
2320, -40.3556, 100.585
2321, 15.5227, 123.584
2322, -35.3864, 96.9096
2323, -12.5227, 192.571
2324, 64.8409, 128.323
2325, 7.68182, 86.0678
2326, -28.8409, 103.71
2327, 21.1364, 126.848
2328, -13.4091, 108.339
2329, -24.1136, 93.8386
2330, 14, 79.7153
2331, -15.4091, 131.798
2332, 22.1818, 128.005
2333, -7.84091, 64.3749
2334, -13.8636, 99.5941
2335, 14, 90.0154
2336, 0.5, 71.4463
2337, -8.20455, 95.3054
2338, 18.3182, 63.9598
2339, -12.7727, 74.2327
2340, -20.2444, 128.643
2341, 18.7727, 98.7434
2342, 2.02273, 55.9316
2343, 24.3864, 68.9918
2344, -24.5227, 72.2504
2345, 43.8864, 197.549
2346, -301.659, 1449
2347, 687.682, 2411.79
2348, -370.477, 1322.04
2349, -577.5, 1486.12
2350, 605.8, 825.007
2351, 8.93182, 431.59
2352, -113.909, 265.41
2353, 61.3409, 220.327
2354, -98.2955, 211.378
2355, -65.3636, 218.834
2356, 159.25, 690.023
2357, 51.25, 1095.01
2358, -191.545, 803.532
2359, 80.5682, 492.284
2360, -22.2444, 750.063
2361, -2.04545, 463.807
2362, 114.682, 297.339
2363, -88.0682, 264.355
2364, -16, 142.747
2365, -30.0682, 123.881
2366, 90, 191.603
2367, 25.5909, 232.356
2368, -36.5682, 394.423
2369, 41.5227, 376.586
2370, -88.2, 190.708
2371, -21.8636, 108.819
2372, 104.705, 169.099
2373, -38.9545, 187.345
2374, -5.93182, 132.241
2375, -36.6818, 206.759
2376, 32.5909, 206.484
2377, 10.7045, 165.331
2378, -20.4091, 230.091
2379, 9.02273, 185.585
2380, 29.2667, 145.116
2381, -30.7045, 130.788
2382, -25.0455, 125.496
2383, 19.5227, 111.462
2384, 11.0909, 79.1422
2385, 12.8636, 136.375
2386, -23.8864, 111.483
2387, 14.2045, 154.721
2388, 36.8864, 89.3273
2389, -2.93182, 153.732
2390, -60.5556, 109.39
2391, 26.5682, 98.8425
2392, -25.4318, 83.008
2393, 22.3409, 68.9825
2394, 18.1136, 79.5128
2395, -14.1591, 102.887
2396, 17.7727, 101.764
2397, -10.0455, 74.2973
2398, 0.681818, 155.341
2399, -3.29545, 61.6208
2400, 22.0444, 60.3239
2401, -14.9091, 103.415
2402, -4.97727, 63.7326
2403, -19.9318, 41.2373
2404, 19.6136, 52.5687
2405, 3.54545, 65.4361
2406, 6.52273, 93.1044
2407, -18.6136, 97.3826
2408, 8.15909, 107.177
2409, 1.38636, 1157.24
2410, 305.511, 2560.72
2411, -387.318, 1285.78
2412, -400.818, 1640.55
2413, 630.068, 1040.2
2414, -28.3409, 373.228
2415, -147.25, 261.301
2416, 84.3409, 193.133
2417, -75.1818, 182.866
2418, -122.409, 208.387
2419, 196.091, 729.233
2420, 38.0667, 1145.57
2421, -155.727, 757.377
2422, 78.5455, 521.508
2423, -76.5, 558.218
2424, -41.5909, 508.17
2425, 159.773, 256.623
2426, -134.273, 264.515
2427, 19.7955, 189.935
2428, 27.9318, 236.092
2429, 65.8636, 186.454
2430, -8.88889, 291.137
2431, -47.4545, 412.327
2432, -4.34091, 373.824
2433, -15.6818, 182.825
2434, -21.5682, 123.767
2435, 91.1591, 110.62
2436, -46.5909, 154.251
2437, -4.27273, 126.213
2438, -9.93182, 198.531
2439, -15.0682, 203.979
2440, 19.0889, 174.643
2441, 27.9545, 217.64
2442, -30.5, 178.189
2443, 0.886364, 135.176
2444, 6.45455, 172.16
2445, -25.6364, 131.125
2446, 40.1818, 81.0071
2447, -6.43182, 75.7524
2448, -21.4091, 113.162
2449, 42.5556, 125.904
2450, -55.7273, 104.996
2451, 69.6818, 79.9536
2452, -0.431818, 184.18
2453, -81.3864, 128.733
2454, 74.4091, 98.027
2455, -40.9318, 63.8465
2456, 10.6136, 66.9203
2457, 19, 107.353
2458, -47.9318, 73.676
2459, 38.4545, 50.0093
2460, -1.93333, 45.4608
2461, 9.97727, 144.631
2462, -20.7273, 63.4527
2463, 17.9091, 49.3125
2464, -28.6136, 56.273
2465, 23.5909, 53.3557
2466, -19.7273, 84.2651
2467, 4.88636, 87.3005
2468, 60.4545, 167.019
2469, -429.556, 1361.14
2470, 746.295, 2225.59
2471, -320.318, 1271.29
2472, -565.568, 1511
2473, 669.795, 863.089
2474, -128.136, 371.895
2475, -25.7727, 250.609
2476, 93.7955, 159.797
2477, -113.545, 156.899
2478, -107.727, 325.3
2479, 191.591, 681.18
2480, 35.9556, 1114.19
2481, -196.682, 737.983
2482, 148.432, 487.575
2483, -36.2045, 617.767
2484, -80.5227, 411.269
2485, 122.523, 238.455
2486, -114.75, 277.9
2487, 60.6364, 186.075
2488, -0.840909, 191.79
2489, 36.4667, 170.29
2490, -8.11364, 228.329
2491, -34.7955, 380.491
2492, 32, 357.515
2493, -106.114, 182.41
2494, 68, 125.935
2495, 58.7727, 125.681
2496, -45.75, 205.301
2497, -27.75, 129.332
2498, 20.0909, 199.132
2499, -21.1818, 188.657
2500, 28.5556, 144.164
2501, -4.02273, 146.945
2502, -36.9773, 205.46
2503, 47.8409, 150.265
2504, -9.79545, 180.106
2505, -8.11364, 127.09
2506, -30.6591, 98.8205
2507, 36.1591, 84.6694
2508, 32.5455, 141.094
2509, -35.3864, 85.6338
2510, 2.4, 120.386
2511, 34.4545, 61.3179
2512, -7.88636, 123.807
2513, -56.9318, 98.3797
2514, 42.8409, 72.8626
2515, -13.75, 67.3745
2516, 25.0909, 71.8966
2517, -6.29545, 50.482
2518, -35.5, 87.1254
2519, 20.5682, 60.6954
2520, 4.77778, 37.4046
2521, 15.6591, 95.7404
2522, -9.86364, 58.4468
2523, 21.1364, 75.6291
2524, -19.9318, 156.997
2525, 0.636364, 159.283
2526, -459.409, 1390.83
2527, 799.659, 1896.56
2528, -387.591, 1136.97
2529, -458.409, 1170.88
2530, 612.511, 652.18
2531, -87.8864, 229.086
2532, -33.1136, 210.969
2533, 32.8636, 180.539
2534, -215.568, 175.065
2535, 111.5, 248.238
2536, 204.864, 614.474
2537, -18, 1093.87
2538, -217.841, 686.903
2539, 70.0909, 487.578
2540, 15.2222, 489.647
2541, -16.0909, 292.206
2542, 132.295, 208.674
2543, -74.5227, 127.394
2544, -41.2045, 203.078
2545, 19.75, 182.198
2546, 9.70455, 178.514
2547, 31.1818, 262.356
2548, -43.9773, 315.227
2549, -2.72727, 224.966
2550, -39.8444, 154.695
2551, 48.75, 98.0116
2552, 53.5, 121.689
2553, -56.2955, 178.832
2554, 12.1591, 117.402
2555, -13.7955, 144.969
2556, -11.0682, 115.439
2557, 53.8864, 88.9117
2558, -44.0909, 129.918
2559, -39.7045, 162.285
2560, 45.0667, 123.308
2561, 1.34091, 91.789
2562, 11.0909, 87.9149
2563, -8.59091, 72.2682
2564, -0.772727, 69.342
2565, -0.25, 137.493
2566, -18.7045, 68.305
2567, 20.3864, 74.2705
2568, -13.0909, 63.5717
2569, 12.5, 93.4662
2570, 2.91111, 96.0849
2571, 6.22727, 82.8698
2572, -16.7045, 50.7017
2573, 13.1818, 50.8072
2574, -14.0455, 51.4066
2575, -9.40909, 76.5709
2576, -2.38636, 47.2706
2577, -13.5227, 78.5284
2578, 48.1591, 76.5325
2579, -47.4318, 198.677
2580, -214.467, 1573.42
2581, 627.432, 1459.75
2582, -535.023, 925.15
2583, -295.5, 1193.59
2584, 576.318, 625.828
2585, -132.273, 279.874
2586, -11.6818, 147.927
2587, 32.8864, 154.313
2588, -137.5, 144.187
2589, 137.977, 189.816
2590, 62.7333, 833.16
2591, 17.5682, 961.533
2592, -202.864, 524.915
2593, 19.7045, 366.679
2594, 61.75, 454.012
2595, 30.6818, 288.22
2596, 38.25, 280.591
2597, -55.5682, 115.886
2598, -24.9545, 153.706
2599, 26.5682, 162.917
2600, 11.6444, 140.548
2601, -16.8409, 319.971
2602, 16.7955, 275.592
2603, -52.7727, 184.961
2604, -4.09091, 176.345
2605, 86.75, 112.49
2606, 7.29545, 135.204
2607, -55.0455, 120.546
2608, -51.75, 122.772
2609, 32.3636, 127.023
2610, 28.7111, 96.2722
2611, 38.4773, 104.272
2612, -44.8409, 131.68
2613, -4.47727, 108.59
2614, 12.5455, 78.4044
2615, -8.13636, 105.08
2616, 8.40909, 61.4352
2617, 2.90909, 89.1293
2618, -23.6818, 49.125
2619, 11.2955, 90.1969
2620, 2.46667, 64.37
2621, 8.63636, 96.1247
2622, -27.4318, 99.5694
2623, 0.181818, 87.7671
2624, 27.5682, 53.8383
2625, 1.93182, 33.6049
2626, -15.25, 55.1923
2627, 10.8409, 48.8169
2628, -18.7727, 58.5502
2629, 17.7045, 110.195
2630, -5.95556, 199.341
2631, -393.523, 1279.62
2632, 738.227, 1451.67
2633, -449.114, 898.104
2634, -306.045, 717.331
2635, 543.591, 532.348
2636, -145.205, 272.619
2637, 12.2727, 113.191
2638, 64.2273, 119.443
2639, -152.409, 159.876
2640, 21.8889, 177.852
2641, 119, 637.318
2642, 14.7045, 839.802
2643, -192.705, 520.213
2644, 80.7955, 325.953
2645, 73.2727, 379.887
2646, 3.06818, 244.739
2647, -3, 200.333
2648, -82.2045, 117.305
2649, 35.9318, 133.292
2650, 0.866667, 117.143
2651, 45.8636, 166.263
2652, -48.5, 232.474
2653, 3.93182, 245.631
2654, -6.77273, 183.988
2655, -11.5455, 148.441
2656, 25.5682, 140.759
2657, 35.6591, 115.707
2658, -42.1364, 86.9042
2659, -5.25, 109.685
2660, 26.3778, 112.079
2661, -14.0227, 91.6623
2662, -4.86364, 64.1042
2663, 4.79545, 122.7
2664, 2.86364, 124.551
2665, 28.9773, 69.4414
2666, -52.5682, 98.2731
2667, 24.3864, 50.5363
2668, -4.47727, 61.3464
2669, -2.38636, 41.2003
2670, 22.0444, 75.5019
2671, -9.43182, 39.7191
2672, -3.47727, 68.3801
2673, -3.09091, 49.2654
2674, -6.02273, 62.9655
2675, -21.6818, 51.2573
2676, 18.5455, 62.7862
2677, -5.54545, 72.6813
2678, 46.7273, 69.092
2679, -34.5, 761.748
2680, 257.2, 1587.9
2681, -300, 1112.68
2682, -371.455, 696.494
2683, 542.318, 712.787
2684, -57.25, 141.023
2685, -81.0227, 202.127
2686, 47.7727, 158.792
2687, -37.9773, 120.992
2688, -98.9545, 209.276
2689, 119.864, 386.147
2690, 58.7556, 807.943
2691, -187.455, 470.191
2692, 101.091, 290.702
2693, 0.659091, 387.93
2694, -60.8636, 292.388
2695, 132.886, 161.702
2696, -88.3409, 156.892
2697, -42.2955, 188.421
2698, 24.75, 174.48
2699, 79.2444, 135.604
2700, -35.0227, 171.644
2701, -70.0455, 200.566
2702, 86.8864, 182.037
2703, -100.318, 95.0452
2704, 22.4545, 107.165
2705, 75.7955, 76.9204
2706, -22.1818, 134.572
2707, -10.2045, 90.0214
2708, -40, 88.7248
2709, 19, 84.32
2710, 36.8444, 85.3542
2711, -14.8182, 78.2712
2712, 9.86364, 95.4819
2713, -19.7045, 73.7581
2714, -9.38636, 105.264
2715, 8.36364, 52.2507
2716, 23.8409, 45.4037
2717, -18.8409, 33.2927
2718, 17.75, 90.0255
2719, -4.28889, 76.7659
2720, -26.6364, 54.9401
2721, 40.7045, 51.4766
2722, -3.79545, 78.2361
2723, -47.1591, 59.351
2724, 70.1818, 137.76
2725, -432.341, 846.575
2726, 631.5, 872.731
2727, -212.75, 757.062
2728, -434.841, 463.474
2729, 540.568, 402.445
2730, -148.711, 105.087
2731, 20.9545, 234.042
2732, 77.75, 102.806
2733, -143.659, 86.7163
2734, -2.54545, 116.108
2735, 125.955, 280.484
2736, -30.4091, 328.999
2737, -100.477, 166.964
2738, 54.8182, 177.969
2739, 38.6, 215.085
2740, -68.2955, 154.306
2741, 103.909, 89.7888
2742, -96.0227, 83.1315
2743, 14.4318, 100.422
2744, 11.5227, 77.4613
2745, 7, 151.429
2746, 6, 85.3509
2747, 3.75, 123.046
2748, 2.43182, 124.033
2749, -34.3636, 49.0645
2750, -8.73333, 79.8608
2751, 63.2955, 37.7832
2752, -21.8864, 150.069
2753, 17.6591, 35.1587
2754, -16.5909, 87.596
2755, 5.18182, 40.2595
2756, -1.29545, 82.8777
2757, -36.3864, 70.301
2758, -12.3636, 102.056
2759, 18.6818, 70.0246
2760, 8.66667, 56.1878
2761, 32.5227, 31.8266
2762, -41.8409, 49.5704
2763, 0.886364, 27.3273
2764, 31.4545, 45.5574
2765, -32.6818, 63.0886
2766, 26.4091, 77.1446
2767, 4.84091, 57.1354
2768, -101.045, 570.057
2769, 286.682, 1191.79
2770, -159, 658.944
2771, -309.886, 366.743
2772, 382.25, 561.894
2773, -56.8409, 135.215
2774, -50.3182, 181.521
2775, 15.6364, 100.424
2776, -62.4545, 130.859
2777, -23.3636, 177.373
2778, 61.6591, 168.923
2779, 72.0227, 230.598
2780, -109.067, 147.594
2781, 32.3636, 156.427
2782, -4.75, 137.877
2783, -55.1136, 96.2712
2784, 94.1818, 114.169
2785, -48.8409, 76.9784
2786, -1.88636, 49.9587
2787, 4.31818, 87.0582
2788, 53.6136, 42.3198
2789, -12, 111.958
2790, -51.8222, 101.861
2791, 47.5909, 94.8725
2792, -35.8182, 35.0359
2793, -40.5682, 41.6241
2794, 68.6364, 78.2159
2795, -24.2045, 114.262
2796, 19.2955, 57.5494
2797, -35.1818, 35.1757
2798, 22.6591, 77.7183
2799, -10.25, 32.1553
2800, -21.9111, 38.9603
2801, 45.7727, 104.086
2802, -13.8182, 43.3958
2803, 10.2273, 64.833
2804, -0.340909, 24.229
2805, -15.3409, 37.0711
2806, 11.9773, 48.0225
2807, -11.8182, 51.4924
2808, 11.9773, 57.225
2809, -210.455, 572.197
2810, 451.467, 800.852
2811, -278.568, 465.856
2812, -327.545, 314.424
2813, 506.682, 475.344
2814, -137.273, 170.736
2815, -47.4091, 154.221
2816, 78.2955, 103.006
2817, -127.841, 101.248
2818, 2.02273, 161.24
2819, 91.6591, 177.753
2820, 46.4889, 233.261
2821, -148.705, 156.081
2822, 84.1364, 98.2422
2823, -1.34091, 109.031
2824, -48.7727, 106.956
2825, 72.2727, 64.2938
2826, -64.3636, 71.9871
2827, 12.3409, 71.134
2828, 14.5, 86.6321
2829, 42.25, 73.3367
2830, -13.6667, 83.1163
2831, -39.6136, 68.0191
2832, 20.4545, 56.0493
2833, -29.8409, 57.5057
2834, -0.318182, 35.4803
2835, 33.7955, 47.4114
2836, 4.5, 52.088
2837, -33.8182, 51.1154
2838, 40.8182, 52.056
2839, -18.4318, 61.8287
2840, -7.48889, 32.5792
2841, 3.97727, 55.8454
2842, -15.9545, 61.7627
2843, 11.3864, 35.2924
2844, 3.02273, 43.9191
2845, -0.954545, 34.6567
2846, -3.70455, 50.849
2847, 5.20455, 99.1018
2848, -273.205, 747.414
2849, 479.5, 692.233
2850, -274.533, 391.905
2851, -176.841, 292.361
2852, 384.227, 344.125
2853, -180.818, 102.487
2854, 66.5, 92.6022
2855, 4.25, 100.298
2856, -105.25, 51.0406
2857, 74.5227, 101.129
2858, 27.5, 159.636
2859, 10.6364, 145.622
2860, -83.8667, 87.0963
2861, 49.3636, 55.5133
2862, 16.6364, 117.781
2863, 12.75, 121.208
2864, -9.02273, 106.545
2865, -46.5, 63.3402
2866, 41.5682, 104.97
2867, -14.9091, 72.5975
2868, 3.34091, 93.1502
2869, 9.04545, 85.4983
2870, -12.2444, 70.1811
2871, -0.590909, 38.1893
2872, -13.5, 61.1316
2873, 17.5682, 41.799
2874, 9.54545, 29.7905
2875, -27.0455, 45.6877
2876, -14.6591, 39.8571
2877, 13.9545, 49.6638
2878, 13.3409, 40.475
2879, 39.1818, 49.6681
2880, -29, 69.4787
2881, -21.3409, 37.9695
2882, 16.8409, 33.6438
2883, -9.54545, 69.9647
2884, 105.932, 372.004
2885, -17.0909, 988.911
2886, -35.2273, 864.088
2887, -12.5682, 563.261
2888, 1.38636, 708.938
2889, 25.8864, 259.589
2890, -80.4667, 61.3274
2891, 0.431818, 109.433
2892, 36.4545, 115.397
2893, -52.75, 99.2676
2894, 71.9091, 166.386
2895, -19.1818, 378.968
2896, -23.0455, 356.681
2897, -10.4545, 176.687
2898, 50.25, 201.728
2899, -68.7727, 198.668
2900, 51.4222, 134.616
2901, -11.1818, 73.1543
2902, -43.25, 104.679
2903, 18.5909, 119.267
2904, 37.5455, 67.7497
2905, -31.25, 67.7258
2906, -1.72727, 123.839
2907, 19.3636, 82.2314
2908, -29.6364, 64.177
2909, 7.70455, 51.5058
2910, 21.8222, 42.9818
2911, -19.1136, 63.9972
2912, 9.84091, 43.5744
2913, -9.22727, 58.8781
2914, 4.95455, 54.3503
2915, -13.5, 50.7026
2916, 19.2273, 85.1413
2917, 4.18182, 67.6244
2918, -40.9318, 103.056
2919, -65.7955, 653.841
2920, 202.867, 758.213
2921, -130.023, 400.241
2922, -163.455, 425.091
2923, 219.955, 415.664
2924, -28.5909, 146.206
2925, -53.4091, 62.4734
2926, 77.0909, 115.596
2927, -47.6591, 134.371
2928, -40.4545, 81.641
2929, 80.3409, 227.122
2930, -15.5111, 338.919
2931, -68.1591, 224.445
2932, 61.3864, 153.915
2933, -5.81818, 180.08
2934, -41.5, 155.068
2935, 64.5909, 127.252
2936, -15.8636, 117.917
2937, -16.75, 82.7689
2938, 3.25, 65.9053
2939, 11.9773, 69.2123
2940, 13.3778, 74.8484
2941, -22.3636, 103.288
2942, 12.4773, 52.3973
2943, -1.86364, 54.351
2944, -29.9318, 57.7909
2945, 25.7045, 80.1225
2946, 7.81818, 70.4683
2947, -2.61364, 38.0127
2948, 9.79545, 53.1394
2949, -12.6889, 38.5342
2950, -4.72727, 64.7121
2951, -1.29545, 115.328
2952, -257.409, 718.812
2953, 399.114, 829.881
2954, -131.364, 435.417
2955, -243.568, 426.059
2956, 285.773, 304.684
2957, -59.2045, 84.7509
2958, 18.3182, 68.9456
2959, 2.38636, 78.975
2960, -51.5111, 90.5592
2961, 45.2955, 95.8931
2962, 42.5, 277.557
2963, -54.1136, 437.635
2964, -34.7955, 244.215
2965, -0.272727, 195.56
2966, 22.1364, 196.418
2967, 14.5227, 197.628
2968, 21.1136, 115.156
2969, -17.5556, 79.4164
2970, 17.4773, 68.6673
2971, -17.2955, 74.2644
2972, -15.0227, 74.5195
2973, 24.0227, 133.33
2974, -4.43182, 139.759
2975, 8.09091, 74.7887
2976, -22.7727, 66.8332
2977, 7.88636, 44.9875
2978, 19, 32.715
2979, -8, 80.2799
2980, -4.88889, 63.5565
2981, 1.15909, 62.7976
2982, -7.13636, 67.1253
2983, -158.227, 512.097
2984, 193.455, 746.672
2985, -71.8864, 448.25
2986, -128.682, 313.592
2987, 230.886, 297.652
2988, -64.5909, 91.1685
2989, 4.5, 87.5587
2990, -7.71111, 46.6727
2991, -18.0227, 65.5739
2992, -3.34091, 161.204
2993, 51.25, 149.304
2994, -2.47727, 193.21
2995, -51.0455, 95.1351
2996, -0.272727, 90.1931
2997, 40.0227, 99.4191
2998, -50.5227, 101.981
2999, 35.1364, 98.5874
3000, -13.9556, 65.7892
3001, 20.6364, 88.0697
3002, 5.5, 55.115
3003, -6.81818, 59.0382
3004, -1.20455, 50.4672
3005, -22.8409, 66.6763
3006, 37.5227, 58.0742
3007, -12.6818, 65.3803
3008, -6.18182, 35.6028
3009, 7.36364, 28.3341
3010, -17.5556, 36.115
3011, 10.0455, 48.3054
3012, 29.2273, 192.152
3013, -10.5682, 731.139
3014, 103.091, 455.232
3015, -146.909, 314.769
3016, -50.5227, 317.779
3017, 104.955, 215.04
3018, -50.9545, 115.66
3019, 18.0682, 83.074
3020, 15.2889, 54.3354
3021, -62.4318, 90.3924
3022, 73.0227, 88.3396
3023, -17.3864, 157.245
3024, -9.06818, 82.1037
3025, -0.181818, 111.591
3026, 15.3864, 67.7258
3027, -26.6136, 98.2476
3028, 37.6591, 53.2831
3029, -24.9091, 54.1747
3030, -19.0222, 30.7278
3031, 15.1818, 54.7803
3032, 7.84091, 61.8646
3033, 3.31818, 43.0205
3034, -10.7273, 63.1479
3035, 12.2273, 85.0708
3036, -13.0227, 46.4124
3037, 2.40909, 44.8995
3038, 7.70455, 47.6057
3039, -6.04545, 86.0842
3040, -26.2889, 116.668
3041, -21.3636, 560.453
3042, 159.114, 368.572
3043, -125.636, 227.037
3044, -66.3182, 200.458
3045, 119.545, 174.311
3046, -42.5, 79.1373
3047, 14.0227, 64.4327
3048, -14.0909, 55.3821
3049, -40.5227, 57.5016
3050, 50.0889, 67.858
3051, -4.93182, 137.46
3052, 3.75, 105.616
3053, -29.7273, 88.9661
3054, 20.2045, 69.0489
3055, -2.09091, 83.5706
3056, -0.727273, 47.0644
3057, 28.6591, 51.4666
3058, -30.0227, 50.3115
3059, -3.63636, 53.7215
3060, 19.1111, 46.6301
3061, -8.65909, 34.0454
3062, -4.61364, 43.9469
3063, -3.47727, 45.154
3064, -2.34091, 54.1013
3065, -3.43182, 58.5924
3066, -1.22727, 47.0057
3067, 78.7727, 156.658
3068, 16.9318, 543.352
3069, -105.159, 228.205
3070, -20.2444, 184.237
3071, 84.1136, 237.063
3072, -35.5909, 86.0083
3073, -24.4545, 72.3145
3074, 24.2273, 40.7798
3075, 17.7727, 53.5354
3076, -39.6136, 67.3202
3077, 42.7045, 85.8883
3078, -24.1591, 95.6071
3079, -24.2727, 82.511
3080, 23.2889, 78.9491
3081, 14.5909, 69.646
3082, -27.0682, 72.6206
3083, 11.6591, 52.683
3084, -6.18182, 52.5241
3085, -10.3864, 38.7997
3086, 11.0909, 77.4141
3087, -2.70455, 21.1172
3088, 12.2273, 29.2107
3089, -8.27273, 36.698
3090, 0.0222222, 39.3483
3091, 5.04545, 56.5762
3092, -2.56818, 106.592
3093, 28.6136, 420.457
3094, 36.4318, 180.282
3095, -88.0909, 154.741
3096, 12.5455, 248.674
3097, 48.6818, 140.439
3098, -69.3409, 48.389
3099, 20.1364, 37.7206
3100, 17.9556, 86.4271
3101, -49.1818, 66.2482
3102, 84.2045, 31.0158
3103, -19.9318, 70.4616
3104, -26.5455, 60.3311
3105, -17.3636, 78.6636
3106, 16.8409, 42.7423
3107, 12, 45.6284
3108, -5.72727, 44.6661
3109, 11.0909, 46.6412
3110, -13.6222, 55.9187
3111, -14.0455, 31.769
3112, 37.9091, 24.9234
3113, -28.7955, 31.4567
3114, -16.25, 39.6491
3115, 15.4318, 45.5923
3116, 29.3864, 126.209
3117, 21.3864, 414.523
3118, 12.4091, 163.159
3119, -67, 115.259
3120, -1.73333, 215.866
3121, 33.1818, 71.3389
3122, -25.8182, 67.5346
3123, 6.15909, 41.1278
3124, 2.34091, 47.8691
3125, -19, 61.8936
3126, 39.2045, 81.685
3127, -9.88636, 83.9952
3128, 8.70455, 52.4931
3129, -23.0227, 68.2287
3130, 8.84444, 47.7288
3131, -19.6136, 40.6941
3132, 8.88636, 34.8459
3133, -8.5, 48.3371
3134, 2.06818, 43.9697
3135, 11.1136, 31.8735
3136, 4.43182, 22.162
3137, 15.75, 55.7878
3138, -6.40909, 58.9905
3139, -20.9773, 192.068
3140, 33.8667, 332.351
3141, -53.3409, 128.138
3142, -22.1364, 87.7021
3143, 85.3182, 162.348
3144, -24.5682, 35.3749
3145, -31.5909, 27.5881
3146, 13.5, 49.5968
3147, -20.1591, 95.58
3148, 11.4091, 35.0903
3149, 38.4773, 51.2523
3150, -17.3111, 59.0314
3151, -18.5, 33.7615
3152, -1.52273, 52.1782
3153, -3.02273, 40.5998
3154, 1.02273, 19.2985
3155, 13.0455, 43.9741
3156, -2.29545, 38.6732
3157, 1.45455, 20.5243
3158, 12.4091, 17.1707
3159, -6.54545, 17.9132
3160, -36.0222, 51.7668
3161, -16.4545, 273.147
3162, 136.295, 192.712
3163, -97.1136, 138.814
3164, -54.3864, 119.052
3165, 83.0682, 147.376
3166, -38.4091, 81.4483
3167, 6.38636, 47.2191
3168, 27.4318, 62.5407
3169, -38.5455, 53.2026
3170, 16.5333, 53.0256
3171, 14.0455, 85.9408
3172, 3.70455, 45.6053
3173, -29.0909, 46.3459
3174, 12.3864, 30.4744
3175, 8.56818, 52.3547
3176, -10.6364, 50.8671
3177, 18.3636, 17.173
3178, -6.59091, 13.687
3179, 5.29545, 39.4776
3180, -22.3556, 35.0543
3181, -19.3636, 190.513
3182, 92.5909, 262.486
3183, -78.8182, 88.2204
3184, -46, 100.352
3185, 79.5, 133.696
3186, 5.04545, 41.6904
3187, -5.88636, 47.7528
3188, -12.1364, 34.9497
3189, -1.38636, 35.4934
3190, -3.31111, 41.0727
3191, 7.61364, 49.6768
3192, 3.13636, 47.2857
3193, -14.3864, 47.3734
3194, 7.56818, 38.8981
3195, 0.863636, 34.9139
3196, -2.38636, 21.1082
3197, 9.59091, 15.6863
3198, -11.6591, 26.77
3199, -2.20455, 58.4281
3200, 29.8889, 108.143
3201, 20, 252.244
3202, -11.75, 143.984
3203, -44.8182, 80.2964
3204, 8, 98.9408
3205, 17, 41.2949
3206, -17.1136, 31.9291
3207, 15.9318, 27.6655
3208, -10.3864, 17.8265
3209, -6.45455, 26.2059
3210, 19.8667, 82.5369
3211, -8.95455, 50.3822
3212, -11.3409, 29.8336
3213, 1.90909, 28.8482
3214, 8.02273, 32.3872
3215, -1.93182, 44.5867
3216, 6.70455, 38.1007
3217, -16.0682, 36.9111
3218, -38.2955, 68.2824
3219, -14.9545, 188.601
3220, 104.733, 157.344
3221, -52.2955, 91.877
3222, -36.2955, 79.5855
3223, 57.1136, 79.2167
3224, -16.6364, 31.9951
3225, -17.9318, 16.9617
3226, 28.75, 20.6938
3227, -34.9545, 29.4842
3228, 7.04545, 44.3637
3229, 31.6364, 68.9216
3230, 4.86667, 40.5548
3231, -35.7273, 29.1745
3232, 8.5, 32.9997
3233, 0.454545, 32.0975
3234, 14.6364, 40.7621
3235, 13.75, 48.1867
3236, -53.5682, 133.874
3237, 69.9091, 204.809
3238, -49.6818, 73.648
3239, -36.7955, 78.7579
3240, 75.3556, 109.418
3241, -34.1591, 26.041
3242, 10.6364, 41.0693
3243, -1.63636, 36.0411
3244, -11.4091, 49.6741
3245, 11.6364, 60.6559
3246, 4.54545, 40.3988
3247, -13.4545, 34.6911
3248, -4.5, 50.0897
3249, 2.81818, 29.4003
3250, 8.42222, 44.6848
3251, -1.5, 18.3817
3252, 12.9545, 67.9679
3253, -9.84091, 178.013
3254, 25.9545, 79.1672
3255, -39.7273, 50.8806
3256, 8.90909, 75.7855
3257, 20.9091, 35.022
3258, -16.9545, 22.4732
3259, 5.36364, 18.1385
3260, -12.3111, 26.4397
3261, -13.6818, 17.7927
3262, 29.8864, 18.3665
3263, -9.65909, 33.5403
3264, -2.56818, 26.42
3265, -1.56818, 32.3591
3266, 16.2045, 29.5839
3267, -9.18182, 45.8313
3268, -12.5455, 106.417
3269, 22.3409, 140.323
3270, -26.4667, 68.8759
3271, -15.3864, 48.7378
3272, 38.3182, 76.2319
3273, -2.02273, 21.747
3274, -4.04545, 28.1909
3275, 0.227273, 30.683
3276, -8.95455, 33.2408
3277, -13.1364, 21.9334
3278, 15.4318, 25.7368
3279, 5.38636, 30.8045
3280, -17.6444, 38.989
3281, 10.6591, 32.8765
3282, -6.86364, 54.4779
3283, -43.2955, 124.634
3284, 84.5, 117.692
3285, -28.4773, 82.7627
3286, -48.6364, 44.5819
3287, 52.5, 45.6959
3288, -9.04545, 20.5923
3289, 0.0227273, 24.3595
3290, 14.0444, 27.5535
3291, -8.68182, 20.1999
3292, -3.22727, 18.1294
3293, -9.52273, 23.8294
3294, 11.1818, 34.763
3295, -17.2727, 42.6323
3296, 8.18182, 24.9611
3297, -23.75, 80.9627
3298, 51.9773, 81.6644
3299, -24.3636, 69.5561
3300, -35.4, 27.297
3301, 41.7045, 53.3345
3302, -0.5, 29.8096
3303, 4.29545, 32.7883
3304, 1.97727, 18.7247
3305, -19.7955, 13.3529
3306, 4.11364, 25.9082
3307, 7.02273, 27.9744
3308, 5.43182, 20.8789
3309, -11.75, 17.3141
3310, -8.31111, 55.7753
3311, 41.6136, 88.1832
3312, -23.8636, 35.9637
3313, -18.3182, 41.8883
3314, 16.3636, 57.2388
3315, -1.31818, 15.8656
3316, -2.43182, 18.1727
3317, 6.43182, 25.2932
3318, 11.5227, 19.4253
3319, -14.0909, 39.1058
3320, -0.266667, 25.2326
3321, -3.27273, 25.2797
3322, 12.0227, 37.6379
3323, 4.59091, 105.737
3324, 15.4091, 65.3067
3325, -38, 40.9434
3326, -0.0909091, 55.0454
3327, 15.0682, 29.1746
3328, -7.20455, 34.4664
3329, 4.70455, 14.7009
3330, 2.93333, 12.9433
3331, -10.4545, 19.3232
3332, 6.5, 28.1526
3333, -2.04545, 25.2883
3334, -2.40909, 50.0256
3335, 5.5, 88.9766
3336, 7.75, 31.9987
3337, -28.6136, 23.9329
3338, 34.4318, 55.9165
3339, -11.7045, 24.7933
3340, -9.75556, 23.7788
3341, 10.0909, 20.487
3342, 4.11364, 16.9963
3343, -19.6136, 13.3216
3344, 9.65909, 30.7519
3345, -10.8864, 37.6311
3346, 21.0227, 59.5122
3347, -18.4318, 40.0831
3348, -21.6136, 25.2732
3349, 40.2045, 38.9799
3350, 0, 14.0902
3351, -9.70455, 13.2949
3352, 6.61364, 15.5815
3353, -14.8182, 17.1163
3354, -2.34091, 23.2506
3355, 17.9091, 18.8243
3356, 5.95455, 59.2195
3357, -0.318182, 33.7745
3358, -21.4318, 20.0005
3359, -0.113636, 48.2763
3360, 10.2222, 15.0582
3361, -2.06818, 15.3125
3362, 12.9318, 12.1476
3363, -5.90909, 23.6613
3364, -18, 13.9838
3365, -11.25, 38.7041
3366, 40.1591, 43.5848
3367, -18.1591, 18.5398
3368, -14.9773, 18.8986
3369, 19.1136, 19.1219
3370, -6.48889, 19.6261
3371, 10.9091, 13.1301
3372, 0.136364, 7.93322
3373, -16.8864, 10.3577
3374, -10.0682, 49.1405
3375, 30.4545, 34.169
3376, -9.81818, 22.3569
3377, -9, 28.7623
3378, 22.9091, 28.2954
3379, -18.8182, 15.567
3380, -8.46667, 8.4185
3381, 12.1818, 10.2365
3382, -18.8409, 40.1435
3383, 30.8409, 15.2955
3384, -5.27273, 27.8293
3385, -24.8864, 14.3641
3386, 15.6591, 7.65727
3387, 8.97727, 19.3385
3388, -0.0454545, 12.0207
3389, -2.86364, 22.3267
3390, 7.82222, 39.4255
3391, -5.86364, 14.896
3392, -14.9545, 11.0945
3393, 15.9773, 37.5388
3394, -7.93182, 19.1494
3395, 5.43182, 8.99343
3396, -2.31818, 11.7023
3397, 4.34091, 39.7589
3398, -11.2955, 23.048
3399, -2.93182, 11.1954
3400, 20.8889, 25.7365
3401, -16.1136, 10.8507
3402, -1.97727, 14.7394
3403, 5.86364, 23.638
3404, 18.8864, 21.6493
3405, -16.5455, 15.2576
3406, -18.7727, 18.9723
3407, 14.1591, 6.35304
3408, -0.681818, 8.27859
3409, 5.34091, 32.9276
3410, 15.6, 27.3402
3411, -33.1136, 10.7919
3412, 8.31818, 22.4447
3413, 21.2955, 12.4601
3414, -19.8409, 9.01752
3415, -1.84091, 27.9813
3416, 8.29545, 14.9918
3417, -15.2045, 18.6225
3418, 13.0455, 26.3792
3419, 11.6364, 16.1697
3420, -17.0667, 25.5294
3421, 10.3636, 15.2555
3422, -6.52273, 11.0751
3423, -4.52273, 27.2259
3424, 11.8409, 10.6043
3425, -4.34091, 22.9336
3426, 0.954545, 16.8279
3427, -7.15909, 14.7139
3428, -2.20455, 18.6494
3429, 10.6591, 12.8699
3430, 6.86667, 22.5611
3431, -5.93182, 22.3672
3432, -17.2273, 7.94259
3433, 2.27273, 10.788
3434, 23.8182, 21.3065
3435, -10.1136, 12.3145
3436, -7.93182, 9.07393
3437, 8.25, 13.3214
3438, 1.54545, 16.3533
3439, -11.2273, 11.176
3440, 6.35556, 9.2476
3441, 0.636364, 8.30687
3442, -1.09091, 8.58862
3443, -4.86364, 5.1856
3444, -2.27273, 11.0872
3445, 17.5909, 20.3418
3446, -13.4545, 10.5474
3447, -4.38636, 7.44439
3448, 10.2955, 9.76212
3449, -11.2045, 12.3832
3450, 0.577778, 11.9396
3451, 18.4773, 14.4198
3452, -13.1818, 20.821
3453, 4.13636, 17.491
3454, -4.18182, 16.1207
3455, -4.97727, 5.34487
3456, 9.43182, 6.51361
3457, -2.75, 9.27147
3458, 11.5, 12.3261
3459, -12.7273, 8.63493
3460, -3.73333, 5.19145
3461, 5.54545, 5.19377
3462, 1.22727, 7.5253
3463, 3.61364, 8.49657
3464, -3.75, 10.5639
3465, -4.79545, 6.20696
3466, 1.38636, 11.8403
3467, -0.704545, 5.52918
3468, 8.13636, 8.96607
3469, -4.09091, 2.8748
3470, 2.46667, 3.58763
3471, 1.27273, 3.33959
3472, -6.31818, 3.98732
3473, -3.84091, 7.08052
3474, 0.295455, 3.27927
3475, 2.59091, 4.96496
3476, 3.36364, 10.0093
3477, 6.63636, 10.2958
3478, -1.36364, 4.99587
3479, -5.15909, 6.72155
3480, -1.24444, 8.95459
3481, -7.06818, 3.73191
3482, 4.20455, 3.3749
3483, 2.88636, 4.01257
3484, -0.295455, 9.39434
3485, -0.113636, 6.75956
3486, 4.47727, 3.8641
3487, 0.272727, 3.69498
3488, 0.386364, 4.78262
3489, -4.18182, 6.31115
3490, -2.06667, 8.35171
3491, 3.25, 3.63771
3492, -1.04545, 7.03871
3493, -4.52273, 7.06299
3494, -0.727273, 2.06005
3495, 6.59091, 2.48923
3496, 5.52273, 4.51507
3497, 0.204545, 4.10421
3498, -7.06818, 3.30563
3499, -3.06818, 4.52969
3500, -6.33333, 7.00476
3501, 4.02273, 5.52058
3502, 2.77273, 1.9053
3503, 4, 3.03764
3504, 1.68182, 2.19268
3505, 2.31818, 4.28938
3506, -0.409091, 2.57892
3507, -6.72727, 3.64544
3508, -1.29545, 6.59745
3509, 2.45455, 5.79755
3510, -2.13333, 2.17664
3511, 2.68182, 2.33328
3512, 2.84091, 2.70474
3513, 3.13636, 2.35093
3514, -5.88636, 5.09552
3515, 0.409091, 5.00145
3516, -3.25, 3.79668
3517, -1.15909, 4.79082
3518, 4.04545, 5.95038
3519, -3.52273, 1.90082
3520, 3.55556, 2.41804
3521, 0.0227273, 5.34912
3522, 0.818182, 2.61354
3523, 4.59091, 2.56123
3524, 0.409091, 2.24943
3525, -7.95455, 2.78759
3526, -2.79545, 6.11845
3527, 3.18182, 7.37401
3528, 5.13636, 1.72667
3529, 0.454545, 2.34961
3530, 0.0666667, 1.46667
3531, -2.75, 4.06272
3532, -5.25, 5.45279
3533, 1.81818, 4.52906
3534, 2.77273, 1.32911
3535, -0.159091, 4.32195
3536, -1.95455, 3.93674
3537, 3.43182, 2.47164
3538, 0.818182, 2.65666
3539, -0.863636, 3.52001
3540, -6.86667, 3.1312
3541, 3.22727, 5.16924
3542, -1.15909, 4.04488
3543, 4.11364, 4.08554
3544, 5.18182, 4.06913
3545, -2.79545, 1.99522
3546, -2.36364, 1.46304
3547, -4.93182, 2.31985
3548, 1.11364, 1.87345
3549, 0.340909, 4.02234
3550, 0.955556, 3.16899
3551, 5.54545, 2.11547
3552, 0.295455, 2.04027
3553, -5.09091, 3.04376
3554, -1.56818, 2.25023
3555, -1.20455, 1.7784
3556, 3.06818, 2.52621
3557, 6.54545, 2.60641
3558, 0.522727, 3.2438
3559, -10.1136, 3.28368
3560, -5.82222, 6.90664
3561, 9.45455, 3.37406
3562, 4.22727, 3.71645
3563, -1.31818, 2.57411
3564, 1, 3.07482
3565, -3.09091, 2.70369
3566, -1.29545, 2.67632
3567, 4.25, 3.51054
3568, -5.63636, 1.49379
3569, -2.54545, 1.738
3570, -2.66667, 2.70801
3571, 5.47727, 4.45936
3572, 4.02273, 2.86427
3573, 1.54545, 2.2203
3574, -1.63636, 1.50893
3575, -2.22727, 1.6077
3576, 1.38636, 4.64277
3577, 1.86364, 2.8009
3578, -1.79545, 2.71008
3579, -2.75, 1.46357
3580, -0.822222, 2.01427
3581, -1.02273, 1.35661
3582, 4.36364, 1.55346
3583, 2.09091, 2.07603
3584, -1.77273, 1.3119
3585, -2.20455, 2.6162
3586, 0.204545, 1.43937
3587, -2.59091, 1.57131
3588, 3.15909, 3.76553
3589, 5.25, 4.43706
3590, -5.42222, 1.84377
3591, 1.09091, 1.22137
3592, 2.13636, 2.58132
3593, -0.840909, 1.62289
3594, -0.75, 1.2084
3595, -2.22727, 0.901101
3596, -2.04545, 2.85207
3597, 2.45455, 1.35604
3598, 2.97727, 2.28123
3599, -0.795455, 1.90191
3600, -2.26667, 1.61107
3601, -0.0454545, 2.47675
3602, 0.113636, 3.11314
3603, 2.81818, 1.69589
3604, -2, 2.08893
3605, -0.181818, 4.37593
3606, 3.79545, 3.84104
3607, -9.52273, 2.46326
3608, 1.2439, 4.48727
